PassengerId,Fare,Age,Embarked_C,Embarked_Q,Embarked_S,Pclass_1,Pclass_2,Pclass_3,Sex_female,Sex_male,Survived,No_Cabin,No_Family
1,-0.5924805998028931,-0.5924805998028931,0.0,0.0,1.0,0.0,0.0,1.0,0.0,1.0,0,1,0
2,0.6387890120425208,0.6387890120425208,1.0,0.0,0.0,1.0,0.0,0.0,1.0,0.0,1,0,0
3,-0.2846631968415396,-0.2846631968415396,0.0,0.0,1.0,0.0,0.0,1.0,1.0,0.0,1,1,1
4,0.40792595982150565,0.40792595982150565,0.0,0.0,1.0,1.0,0.0,0.0,1.0,0.0,1,0,0
5,0.40792595982150565,0.40792595982150565,0.0,0.0,1.0,0.0,0.0,1.0,0.0,1.0,0,1,1
6,0.0,0.0,0.0,1.0,0.0,0.0,0.0,1.0,0.0,1.0,0,1,1
7,1.8700586238879346,1.8700586238879346,0.0,0.0,1.0,1.0,0.0,0.0,0.0,1.0,0,0,1
8,-2.1315676146096605,-2.1315676146096605,0.0,0.0,1.0,0.0,0.0,1.0,0.0,1.0,0,1,0
9,-0.20770884610120124,-0.20770884610120124,0.0,0.0,1.0,0.0,0.0,1.0,1.0,0.0,1,1,0
10,-1.2081154057256,-1.2081154057256,1.0,0.0,0.0,0.0,1.0,0.0,1.0,0.0,1,1,0
11,-1.9776589131289837,-1.9776589131289837,0.0,0.0,1.0,0.0,0.0,1.0,1.0,0.0,1,0,0
12,2.177876026849288,2.177876026849288,0.0,0.0,1.0,1.0,0.0,0.0,1.0,0.0,1,0,1
13,-0.7463893012835698,-0.7463893012835698,0.0,0.0,1.0,0.0,0.0,1.0,0.0,1.0,0,1,1
14,0.7157433627828591,0.7157433627828591,0.0,0.0,1.0,0.0,0.0,1.0,0.0,1.0,0,1,0
15,-1.2081154057256,-1.2081154057256,0.0,0.0,1.0,0.0,0.0,1.0,1.0,0.0,0,1,1
16,1.947012974628273,1.947012974628273,0.0,0.0,1.0,0.0,1.0,0.0,1.0,0.0,1,1,1
17,-2.1315676146096605,-2.1315676146096605,0.0,1.0,0.0,0.0,0.0,1.0,0.0,1.0,0,1,0
18,0.0,0.0,0.0,0.0,1.0,0.0,1.0,0.0,0.0,1.0,1,1,1
19,0.1001085568601522,0.1001085568601522,0.0,0.0,1.0,0.0,0.0,1.0,1.0,0.0,0,1,0
20,0.0,0.0,1.0,0.0,0.0,0.0,0.0,1.0,1.0,0.0,1,1,1
21,0.40792595982150565,0.40792595982150565,0.0,0.0,1.0,0.0,1.0,0.0,0.0,1.0,0,1,1
22,0.3309716090811673,0.3309716090811673,0.0,0.0,1.0,0.0,1.0,0.0,0.0,1.0,1,0,1
23,-1.1311610549852615,-1.1311610549852615,0.0,1.0,0.0,0.0,0.0,1.0,1.0,0.0,1,1,1
24,-0.1307544953608629,-0.1307544953608629,0.0,0.0,1.0,1.0,0.0,0.0,0.0,1.0,1,0,1
25,-1.6698415101676303,-1.6698415101676303,0.0,0.0,1.0,0.0,0.0,1.0,1.0,0.0,0,1,0
26,0.6387890120425208,0.6387890120425208,0.0,0.0,1.0,0.0,0.0,1.0,1.0,0.0,1,1,0
27,0.0,0.0,1.0,0.0,0.0,0.0,0.0,1.0,0.0,1.0,0,1,1
28,-0.8233436520239081,-0.8233436520239081,0.0,0.0,1.0,1.0,0.0,0.0,0.0,1.0,0,0,0
29,0.0,0.0,0.0,1.0,0.0,0.0,0.0,1.0,1.0,0.0,1,1,1
30,0.0,0.0,0.0,0.0,1.0,0.0,0.0,1.0,0.0,1.0,0,1,1
31,0.7926977135231975,0.7926977135231975,1.0,0.0,0.0,1.0,0.0,0.0,0.0,1.0,0,1,1
32,0.0,0.0,1.0,0.0,0.0,1.0,0.0,0.0,1.0,0.0,1,0,0
33,0.0,0.0,0.0,1.0,0.0,0.0,0.0,1.0,1.0,0.0,1,1,1
34,2.793510832771995,2.793510832771995,0.0,0.0,1.0,0.0,1.0,0.0,0.0,1.0,0,1,1
35,-0.1307544953608629,-0.1307544953608629,1.0,0.0,0.0,1.0,0.0,0.0,0.0,1.0,0,1,0
36,0.9466064150038742,0.9466064150038742,0.0,0.0,1.0,1.0,0.0,0.0,0.0,1.0,0,1,0
37,0.0,0.0,1.0,0.0,0.0,0.0,0.0,1.0,0.0,1.0,1,1,1
38,-0.6694349505432314,-0.6694349505432314,0.0,0.0,1.0,0.0,0.0,1.0,0.0,1.0,0,1,1
39,-0.9002980027642465,-0.9002980027642465,0.0,0.0,1.0,0.0,0.0,1.0,1.0,0.0,0,1,0
40,-1.2081154057256,-1.2081154057256,1.0,0.0,0.0,0.0,0.0,1.0,1.0,0.0,1,1,0
41,0.7926977135231975,0.7926977135231975,0.0,0.0,1.0,0.0,0.0,1.0,1.0,0.0,0,1,0
42,-0.20770884610120124,-0.20770884610120124,0.0,0.0,1.0,0.0,1.0,0.0,1.0,0.0,0,1,0
43,0.0,0.0,1.0,0.0,0.0,0.0,0.0,1.0,0.0,1.0,0,1,1
44,-2.054613263869322,-2.054613263869322,1.0,0.0,0.0,0.0,1.0,0.0,1.0,0.0,1,1,0
45,-0.8233436520239081,-0.8233436520239081,0.0,1.0,0.0,0.0,0.0,1.0,1.0,0.0,1,1,1
46,0.0,0.0,0.0,0.0,1.0,0.0,0.0,1.0,0.0,1.0,0,1,1
47,0.0,0.0,0.0,1.0,0.0,0.0,0.0,1.0,0.0,1.0,0,1,0
48,0.0,0.0,0.0,1.0,0.0,0.0,0.0,1.0,1.0,0.0,1,1,1
49,0.0,0.0,1.0,0.0,0.0,0.0,0.0,1.0,0.0,1.0,0,1,0
50,-0.9002980027642465,-0.9002980027642465,0.0,0.0,1.0,0.0,0.0,1.0,1.0,0.0,0,1,0
51,-1.7467958609079686,-1.7467958609079686,0.0,0.0,1.0,0.0,0.0,1.0,0.0,1.0,0,1,0
52,-0.6694349505432314,-0.6694349505432314,0.0,0.0,1.0,0.0,0.0,1.0,0.0,1.0,0,1,1
53,1.4852868701862427,1.4852868701862427,1.0,0.0,0.0,1.0,0.0,0.0,1.0,0.0,1,0,0
54,-0.05380014462052453,-0.05380014462052453,0.0,0.0,1.0,0.0,1.0,0.0,1.0,0.0,1,1,0
55,2.7165564820316566,2.7165564820316566,1.0,0.0,0.0,1.0,0.0,0.0,0.0,1.0,0,0,0
56,0.0,0.0,0.0,0.0,1.0,1.0,0.0,0.0,0.0,1.0,1,0,1
57,-0.6694349505432314,-0.6694349505432314,0.0,0.0,1.0,0.0,1.0,0.0,1.0,0.0,1,1,1
58,-0.0922773199906937,-0.0922773199906937,1.0,0.0,0.0,0.0,0.0,1.0,0.0,1.0,0,1,1
59,-1.9007045623886454,-1.9007045623886454,0.0,0.0,1.0,0.0,1.0,0.0,1.0,0.0,1,1,0
60,-1.4389784579466152,-1.4389784579466152,0.0,0.0,1.0,0.0,0.0,1.0,0.0,1.0,0,1,0
61,-0.5924805998028931,-0.5924805998028931,1.0,0.0,0.0,0.0,0.0,1.0,0.0,1.0,0,1,1
62,0.6387890120425208,0.6387890120425208,0.0,0.0,1.0,1.0,0.0,0.0,1.0,0.0,1,0,1
63,1.1774694672248893,1.1774694672248893,0.0,0.0,1.0,1.0,0.0,0.0,0.0,1.0,0,0,0
64,-1.9776589131289837,-1.9776589131289837,0.0,0.0,1.0,0.0,0.0,1.0,0.0,1.0,0,1,0
65,0.0,0.0,1.0,0.0,0.0,1.0,0.0,0.0,0.0,1.0,0,1,1
66,0.0,0.0,1.0,0.0,0.0,0.0,0.0,1.0,0.0,1.0,1,1,0
67,-0.05380014462052453,-0.05380014462052453,0.0,0.0,1.0,0.0,1.0,0.0,1.0,0.0,1,0,1
68,-0.8233436520239081,-0.8233436520239081,0.0,0.0,1.0,0.0,0.0,1.0,0.0,1.0,0,1,1
69,-0.977252353504585,-0.977252353504585,0.0,0.0,1.0,0.0,0.0,1.0,1.0,0.0,1,1,0
70,-0.2846631968415396,-0.2846631968415396,0.0,0.0,1.0,0.0,0.0,1.0,0.0,1.0,0,1,0
71,0.17706290760049057,0.17706290760049057,0.0,0.0,1.0,0.0,1.0,0.0,0.0,1.0,0,1,1
72,-1.0542067042449232,-1.0542067042449232,0.0,0.0,1.0,0.0,0.0,1.0,1.0,0.0,0,1,0
73,-0.6694349505432314,-0.6694349505432314,0.0,0.0,1.0,0.0,1.0,0.0,0.0,1.0,0,1,1
74,-0.2846631968415396,-0.2846631968415396,1.0,0.0,0.0,0.0,0.0,1.0,0.0,1.0,0,1,0
75,0.17706290760049057,0.17706290760049057,0.0,0.0,1.0,0.0,0.0,1.0,0.0,1.0,1,1,1
76,-0.361617547581878,-0.361617547581878,0.0,0.0,1.0,0.0,0.0,1.0,0.0,1.0,0,0,1
77,0.0,0.0,0.0,0.0,1.0,0.0,0.0,1.0,0.0,1.0,0,1,1
78,0.0,0.0,0.0,0.0,1.0,0.0,0.0,1.0,0.0,1.0,0,1,1
79,-2.2216042049758564,-2.2216042049758564,0.0,0.0,1.0,0.0,1.0,0.0,0.0,1.0,1,1,0
80,0.02315420611981384,0.02315420611981384,0.0,0.0,1.0,0.0,0.0,1.0,1.0,0.0,1,1,1
81,-0.5924805998028931,-0.5924805998028931,0.0,0.0,1.0,0.0,0.0,1.0,0.0,1.0,0,1,1
82,-0.05380014462052453,-0.05380014462052453,0.0,0.0,1.0,0.0,0.0,1.0,0.0,1.0,1,1,1
83,0.0,0.0,0.0,1.0,0.0,0.0,0.0,1.0,1.0,0.0,1,1,1
84,-0.1307544953608629,-0.1307544953608629,0.0,0.0,1.0,1.0,0.0,0.0,0.0,1.0,0,1,1
85,-0.977252353504585,-0.977252353504585,0.0,0.0,1.0,0.0,1.0,0.0,1.0,0.0,1,1,1
86,0.25401725834082894,0.25401725834082894,0.0,0.0,1.0,0.0,0.0,1.0,1.0,0.0,1,1,0
87,-1.0542067042449232,-1.0542067042449232,0.0,0.0,1.0,0.0,0.0,1.0,0.0,1.0,0,1,0
88,0.0,0.0,0.0,0.0,1.0,0.0,0.0,1.0,0.0,1.0,0,1,1
89,-0.5155262490625547,-0.5155262490625547,0.0,0.0,1.0,1.0,0.0,0.0,1.0,0.0,1,0,0
90,-0.4385718983222164,-0.4385718983222164,0.0,0.0,1.0,0.0,0.0,1.0,0.0,1.0,0,1,1
91,-0.05380014462052453,-0.05380014462052453,0.0,0.0,1.0,0.0,0.0,1.0,0.0,1.0,0,1,1
92,-0.7463893012835698,-0.7463893012835698,0.0,0.0,1.0,0.0,0.0,1.0,0.0,1.0,0,1,1
93,1.2544238179652276,1.2544238179652276,0.0,0.0,1.0,1.0,0.0,0.0,0.0,1.0,0,0,0
94,-0.2846631968415396,-0.2846631968415396,0.0,0.0,1.0,0.0,0.0,1.0,0.0,1.0,0,1,0
95,2.2548303775896263,2.2548303775896263,0.0,0.0,1.0,0.0,0.0,1.0,0.0,1.0,0,1,1
96,0.0,0.0,0.0,0.0,1.0,0.0,0.0,1.0,0.0,1.0,0,1,1
97,3.1782825864736868,3.1782825864736868,1.0,0.0,0.0,1.0,0.0,0.0,0.0,1.0,0,0,1
98,-0.5155262490625547,-0.5155262490625547,1.0,0.0,0.0,1.0,0.0,0.0,0.0,1.0,1,0,0
99,0.3309716090811673,0.3309716090811673,0.0,0.0,1.0,0.0,1.0,0.0,1.0,0.0,1,1,0
100,0.3309716090811673,0.3309716090811673,0.0,0.0,1.0,0.0,1.0,0.0,0.0,1.0,0,1,0
101,-0.1307544953608629,-0.1307544953608629,0.0,0.0,1.0,0.0,0.0,1.0,1.0,0.0,0,1,1
102,0.0,0.0,0.0,0.0,1.0,0.0,0.0,1.0,0.0,1.0,0,1,1
103,-0.6694349505432314,-0.6694349505432314,0.0,0.0,1.0,1.0,0.0,0.0,0.0,1.0,0,0,0
104,0.25401725834082894,0.25401725834082894,0.0,0.0,1.0,0.0,0.0,1.0,0.0,1.0,0,1,1
105,0.5618346613021824,0.5618346613021824,0.0,0.0,1.0,0.0,0.0,1.0,0.0,1.0,0,1,0
106,-0.1307544953608629,-0.1307544953608629,0.0,0.0,1.0,0.0,0.0,1.0,0.0,1.0,0,1,1
107,-0.6694349505432314,-0.6694349505432314,0.0,0.0,1.0,0.0,0.0,1.0,1.0,0.0,1,1,1
108,0.0,0.0,0.0,0.0,1.0,0.0,0.0,1.0,0.0,1.0,1,1,1
109,0.6387890120425208,0.6387890120425208,0.0,0.0,1.0,0.0,0.0,1.0,0.0,1.0,0,1,1
110,0.0,0.0,0.0,1.0,0.0,0.0,0.0,1.0,1.0,0.0,1,1,0
111,1.3313781687055661,1.3313781687055661,0.0,0.0,1.0,1.0,0.0,0.0,0.0,1.0,0,0,1
112,-1.169638230355431,-1.169638230355431,1.0,0.0,0.0,0.0,0.0,1.0,1.0,0.0,0,1,0
113,-0.5924805998028931,-0.5924805998028931,0.0,0.0,1.0,0.0,0.0,1.0,0.0,1.0,0,1,1
114,-0.7463893012835698,-0.7463893012835698,0.0,0.0,1.0,0.0,0.0,1.0,1.0,0.0,0,1,0
115,-0.977252353504585,-0.977252353504585,1.0,0.0,0.0,0.0,0.0,1.0,1.0,0.0,0,1,1
116,-0.6694349505432314,-0.6694349505432314,0.0,0.0,1.0,0.0,0.0,1.0,0.0,1.0,0,1,1
117,3.139805411103518,3.139805411103518,0.0,1.0,0.0,0.0,0.0,1.0,0.0,1.0,0,1,1
118,-0.05380014462052453,-0.05380014462052453,0.0,0.0,1.0,0.0,1.0,0.0,0.0,1.0,0,1,0
119,-0.4385718983222164,-0.4385718983222164,1.0,0.0,0.0,1.0,0.0,0.0,0.0,1.0,0,0,0
120,-2.1315676146096605,-2.1315676146096605,0.0,0.0,1.0,0.0,0.0,1.0,1.0,0.0,0,1,0
121,-0.6694349505432314,-0.6694349505432314,0.0,0.0,1.0,0.0,1.0,0.0,0.0,1.0,0,1,0
122,0.0,0.0,0.0,0.0,1.0,0.0,0.0,1.0,0.0,1.0,0,1,1
123,0.21554008297065974,0.21554008297065974,1.0,0.0,0.0,0.0,1.0,0.0,0.0,1.0,0,1,0
124,0.21554008297065974,0.21554008297065974,0.0,0.0,1.0,0.0,1.0,0.0,1.0,0.0,1,0,1
125,1.8700586238879346,1.8700586238879346,0.0,0.0,1.0,1.0,0.0,0.0,0.0,1.0,0,0,0
126,-1.3620241072062766,-1.3620241072062766,1.0,0.0,0.0,0.0,0.0,1.0,0.0,1.0,1,1,0
127,0.0,0.0,0.0,1.0,0.0,0.0,0.0,1.0,0.0,1.0,0,1,1
128,-0.4385718983222164,-0.4385718983222164,0.0,0.0,1.0,0.0,0.0,1.0,0.0,1.0,1,1,1
129,0.0,0.0,1.0,0.0,0.0,0.0,0.0,1.0,1.0,0.0,1,0,0
130,1.1774694672248893,1.1774694672248893,0.0,0.0,1.0,0.0,0.0,1.0,0.0,1.0,0,1,1
131,0.25401725834082894,0.25401725834082894,1.0,0.0,0.0,0.0,0.0,1.0,0.0,1.0,0,1,1
132,-0.7463893012835698,-0.7463893012835698,0.0,0.0,1.0,0.0,0.0,1.0,0.0,1.0,0,1,1
133,1.3313781687055661,1.3313781687055661,0.0,0.0,1.0,0.0,0.0,1.0,1.0,0.0,0,1,0
134,-0.05380014462052453,-0.05380014462052453,0.0,0.0,1.0,0.0,1.0,0.0,1.0,0.0,1,1,0
135,-0.361617547581878,-0.361617547581878,0.0,0.0,1.0,0.0,1.0,0.0,0.0,1.0,0,1,1
136,-0.5155262490625547,-0.5155262490625547,1.0,0.0,0.0,0.0,1.0,0.0,0.0,1.0,0,1,1
137,-0.8233436520239081,-0.8233436520239081,0.0,0.0,1.0,1.0,0.0,0.0,1.0,0.0,1,0,0
138,0.5618346613021824,0.5618346613021824,0.0,0.0,1.0,1.0,0.0,0.0,0.0,1.0,0,0,0
139,-1.0542067042449232,-1.0542067042449232,0.0,0.0,1.0,0.0,0.0,1.0,0.0,1.0,0,1,1
140,-0.4385718983222164,-0.4385718983222164,1.0,0.0,0.0,1.0,0.0,0.0,0.0,1.0,0,0,1
141,0.0,0.0,1.0,0.0,0.0,0.0,0.0,1.0,1.0,0.0,0,1,0
142,-0.5924805998028931,-0.5924805998028931,0.0,0.0,1.0,0.0,0.0,1.0,1.0,0.0,1,1,1
143,-0.4385718983222164,-0.4385718983222164,0.0,0.0,1.0,0.0,0.0,1.0,1.0,0.0,1,1,0
144,-0.8233436520239081,-0.8233436520239081,0.0,1.0,0.0,0.0,0.0,1.0,0.0,1.0,0,1,1
145,-0.9002980027642465,-0.9002980027642465,0.0,0.0,1.0,0.0,1.0,0.0,0.0,1.0,0,1,1
146,-0.8233436520239081,-0.8233436520239081,0.0,0.0,1.0,0.0,1.0,0.0,0.0,1.0,0,1,0
147,-0.20770884610120124,-0.20770884610120124,0.0,0.0,1.0,0.0,0.0,1.0,0.0,1.0,1,1,1
148,-1.5928871594272918,-1.5928871594272918,0.0,0.0,1.0,0.0,0.0,1.0,1.0,0.0,0,1,0
149,0.5233574859320133,0.5233574859320133,0.0,0.0,1.0,0.0,1.0,0.0,0.0,1.0,0,0,0
150,0.9466064150038742,0.9466064150038742,0.0,0.0,1.0,0.0,1.0,0.0,0.0,1.0,0,1,1
151,1.6391955716669195,1.6391955716669195,0.0,0.0,1.0,0.0,1.0,0.0,0.0,1.0,0,1,1
152,-0.5924805998028931,-0.5924805998028931,0.0,0.0,1.0,1.0,0.0,0.0,1.0,0.0,1,0,0
153,1.985490149998442,1.985490149998442,0.0,0.0,1.0,0.0,0.0,1.0,0.0,1.0,0,1,1
154,0.8311748888933667,0.8311748888933667,0.0,0.0,1.0,0.0,0.0,1.0,0.0,1.0,0,1,0
155,0.0,0.0,0.0,0.0,1.0,0.0,0.0,1.0,0.0,1.0,0,1,1
156,1.6391955716669195,1.6391955716669195,1.0,0.0,0.0,1.0,0.0,0.0,0.0,1.0,0,1,0
157,-1.0542067042449232,-1.0542067042449232,0.0,1.0,0.0,0.0,0.0,1.0,1.0,0.0,1,1,1
158,0.02315420611981384,0.02315420611981384,0.0,0.0,1.0,0.0,0.0,1.0,0.0,1.0,0,1,1
159,0.0,0.0,0.0,0.0,1.0,0.0,0.0,1.0,0.0,1.0,0,1,1
160,0.0,0.0,0.0,0.0,1.0,0.0,0.0,1.0,0.0,1.0,0,1,0
161,1.100515116484551,1.100515116484551,0.0,0.0,1.0,0.0,0.0,1.0,0.0,1.0,0,1,0
162,0.7926977135231975,0.7926977135231975,0.0,0.0,1.0,0.0,1.0,0.0,1.0,0.0,1,1,1
163,-0.2846631968415396,-0.2846631968415396,0.0,0.0,1.0,0.0,0.0,1.0,0.0,1.0,0,1,1
164,-0.977252353504585,-0.977252353504585,0.0,0.0,1.0,0.0,0.0,1.0,0.0,1.0,0,1,1
165,-2.208521965349999,-2.208521965349999,0.0,0.0,1.0,0.0,0.0,1.0,0.0,1.0,0,1,0
166,-1.5928871594272918,-1.5928871594272918,0.0,0.0,1.0,0.0,0.0,1.0,0.0,1.0,1,1,0
167,0.0,0.0,0.0,0.0,1.0,1.0,0.0,0.0,1.0,0.0,1,0,0
168,1.1774694672248893,1.1774694672248893,0.0,0.0,1.0,0.0,0.0,1.0,1.0,0.0,0,1,0
169,0.0,0.0,0.0,0.0,1.0,1.0,0.0,0.0,0.0,1.0,0,1,1
170,-0.1307544953608629,-0.1307544953608629,0.0,0.0,1.0,0.0,0.0,1.0,0.0,1.0,0,1,1
171,2.4087390790703034,2.4087390790703034,0.0,0.0,1.0,1.0,0.0,0.0,0.0,1.0,0,0,1
172,-1.9776589131289837,-1.9776589131289837,0.0,1.0,0.0,0.0,0.0,1.0,0.0,1.0,0,1,0
173,-2.208521965349999,-2.208521965349999,0.0,0.0,1.0,0.0,0.0,1.0,1.0,0.0,1,1,0
174,-0.6694349505432314,-0.6694349505432314,0.0,0.0,1.0,0.0,0.0,1.0,0.0,1.0,0,1,1
175,2.0239673253686115,2.0239673253686115,1.0,0.0,0.0,1.0,0.0,0.0,0.0,1.0,0,0,1
176,-0.9002980027642465,-0.9002980027642465,0.0,0.0,1.0,0.0,0.0,1.0,0.0,1.0,0,1,0
177,0.0,0.0,0.0,0.0,1.0,0.0,0.0,1.0,0.0,1.0,0,1,0
178,1.5622412209265812,1.5622412209265812,1.0,0.0,0.0,1.0,0.0,0.0,1.0,0.0,0,0,1
179,0.02315420611981384,0.02315420611981384,0.0,0.0,1.0,0.0,1.0,0.0,0.0,1.0,0,1,1
180,0.48488031056184405,0.48488031056184405,0.0,0.0,1.0,0.0,0.0,1.0,0.0,1.0,0,1,1
181,0.0,0.0,0.0,0.0,1.0,0.0,0.0,1.0,1.0,0.0,0,1,0
182,0.0,0.0,1.0,0.0,0.0,0.0,1.0,0.0,0.0,1.0,0,1,1
183,-1.5928871594272918,-1.5928871594272918,0.0,0.0,1.0,0.0,0.0,1.0,0.0,1.0,0,1,0
184,-2.208521965349999,-2.208521965349999,0.0,0.0,1.0,0.0,1.0,0.0,0.0,1.0,1,0,0
185,-1.9776589131289837,-1.9776589131289837,0.0,0.0,1.0,0.0,0.0,1.0,1.0,0.0,1,1,0
186,0.0,0.0,0.0,0.0,1.0,1.0,0.0,0.0,0.0,1.0,0,0,1
187,0.0,0.0,0.0,1.0,0.0,0.0,0.0,1.0,1.0,0.0,1,1,0
188,1.1774694672248893,1.1774694672248893,0.0,0.0,1.0,1.0,0.0,0.0,0.0,1.0,1,1,1
189,0.7926977135231975,0.7926977135231975,0.0,1.0,0.0,0.0,0.0,1.0,0.0,1.0,0,1,0
190,0.48488031056184405,0.48488031056184405,0.0,0.0,1.0,0.0,0.0,1.0,0.0,1.0,0,1,1
191,0.17706290760049057,0.17706290760049057,0.0,0.0,1.0,0.0,1.0,0.0,1.0,0.0,1,1,1
192,-0.8233436520239081,-0.8233436520239081,0.0,0.0,1.0,0.0,1.0,0.0,0.0,1.0,0,1,1
193,-0.8233436520239081,-0.8233436520239081,0.0,0.0,1.0,0.0,0.0,1.0,1.0,0.0,1,1,0
194,-2.054613263869322,-2.054613263869322,0.0,0.0,1.0,0.0,1.0,0.0,0.0,1.0,1,0,0
195,1.100515116484551,1.100515116484551,1.0,0.0,0.0,1.0,0.0,0.0,1.0,0.0,1,0,1
196,2.177876026849288,2.177876026849288,1.0,0.0,0.0,1.0,0.0,0.0,1.0,0.0,1,0,1
197,0.0,0.0,0.0,1.0,0.0,0.0,0.0,1.0,0.0,1.0,0,1,1
198,0.9466064150038742,0.9466064150038742,0.0,0.0,1.0,0.0,0.0,1.0,0.0,1.0,0,1,0
199,0.0,0.0,0.0,1.0,0.0,0.0,0.0,1.0,1.0,0.0,1,1,1
200,-0.4385718983222164,-0.4385718983222164,0.0,0.0,1.0,0.0,1.0,0.0,1.0,0.0,0,1,1
201,-0.1307544953608629,-0.1307544953608629,0.0,0.0,1.0,0.0,0.0,1.0,0.0,1.0,0,1,1
202,0.0,0.0,0.0,0.0,1.0,0.0,0.0,1.0,0.0,1.0,0,1,0
203,0.3309716090811673,0.3309716090811673,0.0,0.0,1.0,0.0,0.0,1.0,0.0,1.0,0,1,1
204,1.2159466425950585,1.2159466425950585,1.0,0.0,0.0,0.0,0.0,1.0,0.0,1.0,0,1,1
205,-0.9002980027642465,-0.9002980027642465,0.0,0.0,1.0,0.0,0.0,1.0,0.0,1.0,1,1,1
206,-2.1315676146096605,-2.1315676146096605,0.0,0.0,1.0,0.0,0.0,1.0,1.0,0.0,0,0,0
207,0.17706290760049057,0.17706290760049057,0.0,0.0,1.0,0.0,0.0,1.0,0.0,1.0,0,1,0
208,-0.2846631968415396,-0.2846631968415396,1.0,0.0,0.0,0.0,0.0,1.0,0.0,1.0,1,1,1
209,-1.0542067042449232,-1.0542067042449232,0.0,1.0,0.0,0.0,0.0,1.0,1.0,0.0,1,1,1
210,0.7926977135231975,0.7926977135231975,1.0,0.0,0.0,1.0,0.0,0.0,0.0,1.0,1,0,1
211,-0.4385718983222164,-0.4385718983222164,0.0,0.0,1.0,0.0,0.0,1.0,0.0,1.0,0,1,1
212,0.40792595982150565,0.40792595982150565,0.0,0.0,1.0,0.0,1.0,0.0,1.0,0.0,1,1,1
213,-0.5924805998028931,-0.5924805998028931,0.0,0.0,1.0,0.0,0.0,1.0,0.0,1.0,0,1,1
214,0.02315420611981384,0.02315420611981384,0.0,0.0,1.0,0.0,1.0,0.0,0.0,1.0,0,1,1
215,0.0,0.0,0.0,1.0,0.0,0.0,0.0,1.0,0.0,1.0,0,1,0
216,0.1001085568601522,0.1001085568601522,1.0,0.0,0.0,1.0,0.0,0.0,1.0,0.0,1,0,0
217,-0.20770884610120124,-0.20770884610120124,0.0,0.0,1.0,0.0,0.0,1.0,1.0,0.0,1,1,1
218,0.9466064150038742,0.9466064150038742,0.0,0.0,1.0,0.0,1.0,0.0,0.0,1.0,0,1,0
219,0.17706290760049057,0.17706290760049057,1.0,0.0,0.0,1.0,0.0,0.0,1.0,0.0,1,0,1
220,0.02315420611981384,0.02315420611981384,0.0,0.0,1.0,0.0,1.0,0.0,0.0,1.0,0,1,1
221,-1.0542067042449232,-1.0542067042449232,0.0,0.0,1.0,0.0,0.0,1.0,0.0,1.0,1,1,1
222,-0.20770884610120124,-0.20770884610120124,0.0,0.0,1.0,0.0,1.0,0.0,0.0,1.0,0,1,1
223,1.6391955716669195,1.6391955716669195,0.0,0.0,1.0,0.0,0.0,1.0,0.0,1.0,0,1,1
224,0.0,0.0,0.0,0.0,1.0,0.0,0.0,1.0,0.0,1.0,0,1,1
225,0.6387890120425208,0.6387890120425208,0.0,0.0,1.0,1.0,0.0,0.0,0.0,1.0,1,0,0
226,-0.5924805998028931,-0.5924805998028931,0.0,0.0,1.0,0.0,0.0,1.0,0.0,1.0,0,1,1
227,-0.8233436520239081,-0.8233436520239081,0.0,0.0,1.0,0.0,1.0,0.0,0.0,1.0,1,1,1
228,-0.7079121259134006,-0.7079121259134006,0.0,0.0,1.0,0.0,0.0,1.0,0.0,1.0,0,1,1
229,-0.9002980027642465,-0.9002980027642465,0.0,0.0,1.0,0.0,1.0,0.0,0.0,1.0,0,1,1
230,0.0,0.0,0.0,0.0,1.0,0.0,0.0,1.0,1.0,0.0,0,1,0
231,0.40792595982150565,0.40792595982150565,0.0,0.0,1.0,1.0,0.0,0.0,1.0,0.0,1,0,0
232,-0.05380014462052453,-0.05380014462052453,0.0,0.0,1.0,0.0,0.0,1.0,0.0,1.0,0,1,1
233,2.2548303775896263,2.2548303775896263,0.0,0.0,1.0,0.0,1.0,0.0,0.0,1.0,0,1,1
234,-1.9007045623886454,-1.9007045623886454,0.0,0.0,1.0,0.0,0.0,1.0,1.0,0.0,1,1,0
235,-0.4385718983222164,-0.4385718983222164,0.0,0.0,1.0,0.0,1.0,0.0,0.0,1.0,0,1,1
236,0.0,0.0,0.0,0.0,1.0,0.0,0.0,1.0,1.0,0.0,0,1,1
237,1.100515116484551,1.100515116484551,0.0,0.0,1.0,0.0,1.0,0.0,0.0,1.0,0,1,0
238,-1.6698415101676303,-1.6698415101676303,0.0,0.0,1.0,0.0,1.0,0.0,1.0,0.0,1,1,0
239,-0.8233436520239081,-0.8233436520239081,0.0,0.0,1.0,0.0,1.0,0.0,0.0,1.0,0,1,1
240,0.25401725834082894,0.25401725834082894,0.0,0.0,1.0,0.0,1.0,0.0,0.0,1.0,0,1,1
241,0.0,0.0,1.0,0.0,0.0,0.0,0.0,1.0,1.0,0.0,0,1,0
242,0.0,0.0,0.0,1.0,0.0,0.0,0.0,1.0,1.0,0.0,1,1,0
243,-0.05380014462052453,-0.05380014462052453,0.0,0.0,1.0,0.0,1.0,0.0,0.0,1.0,0,1,1
244,-0.5924805998028931,-0.5924805998028931,0.0,0.0,1.0,0.0,0.0,1.0,0.0,1.0,0,1,1
245,0.02315420611981384,0.02315420611981384,1.0,0.0,0.0,0.0,0.0,1.0,0.0,1.0,0,1,1
246,1.100515116484551,1.100515116484551,0.0,1.0,0.0,1.0,0.0,0.0,0.0,1.0,0,0,0
247,-0.361617547581878,-0.361617547581878,0.0,0.0,1.0,0.0,0.0,1.0,1.0,0.0,0,1,1
248,-0.4385718983222164,-0.4385718983222164,0.0,0.0,1.0,0.0,1.0,0.0,1.0,0.0,1,1,0
249,0.5618346613021824,0.5618346613021824,0.0,0.0,1.0,1.0,0.0,0.0,0.0,1.0,1,0,0
250,1.8700586238879346,1.8700586238879346,0.0,0.0,1.0,0.0,1.0,0.0,0.0,1.0,0,1,0
251,0.0,0.0,0.0,0.0,1.0,0.0,0.0,1.0,0.0,1.0,0,1,1
252,-0.05380014462052453,-0.05380014462052453,0.0,0.0,1.0,0.0,0.0,1.0,1.0,0.0,0,0,0
253,2.4856934298106417,2.4856934298106417,0.0,0.0,1.0,1.0,0.0,0.0,0.0,1.0,0,0,1
254,0.02315420611981384,0.02315420611981384,0.0,0.0,1.0,0.0,0.0,1.0,0.0,1.0,0,1,0
255,0.8696520642635358,0.8696520642635358,0.0,0.0,1.0,0.0,0.0,1.0,1.0,0.0,0,1,0
256,-0.05380014462052453,-0.05380014462052453,1.0,0.0,0.0,0.0,0.0,1.0,1.0,0.0,1,1,0
257,0.0,0.0,1.0,0.0,0.0,1.0,0.0,0.0,1.0,0.0,1,1,1
258,0.02315420611981384,0.02315420611981384,0.0,0.0,1.0,1.0,0.0,0.0,1.0,0.0,1,0,1
259,0.40792595982150565,0.40792595982150565,1.0,0.0,0.0,1.0,0.0,0.0,1.0,0.0,1,1,1
260,1.5622412209265812,1.5622412209265812,0.0,0.0,1.0,0.0,1.0,0.0,1.0,0.0,1,1,0
261,0.0,0.0,0.0,1.0,0.0,0.0,0.0,1.0,0.0,1.0,0,1,1
262,-2.054613263869322,-2.054613263869322,0.0,0.0,1.0,0.0,0.0,1.0,0.0,1.0,1,1,0
263,1.7161499224072578,1.7161499224072578,0.0,0.0,1.0,1.0,0.0,0.0,0.0,1.0,0,0,0
264,0.7926977135231975,0.7926977135231975,0.0,0.0,1.0,1.0,0.0,0.0,0.0,1.0,0,0,1
265,0.0,0.0,0.0,1.0,0.0,0.0,0.0,1.0,1.0,0.0,0,1,1
266,0.48488031056184405,0.48488031056184405,0.0,0.0,1.0,0.0,1.0,0.0,0.0,1.0,0,1,1
267,-1.0542067042449232,-1.0542067042449232,0.0,0.0,1.0,0.0,0.0,1.0,0.0,1.0,0,1,0
268,-0.361617547581878,-0.361617547581878,0.0,0.0,1.0,0.0,0.0,1.0,0.0,1.0,1,1,0
269,2.177876026849288,2.177876026849288,0.0,0.0,1.0,1.0,0.0,0.0,1.0,0.0,1,0,0
270,0.40792595982150565,0.40792595982150565,0.0,0.0,1.0,1.0,0.0,0.0,1.0,0.0,1,0,1
271,0.0,0.0,0.0,0.0,1.0,1.0,0.0,0.0,0.0,1.0,0,1,1
272,-0.361617547581878,-0.361617547581878,0.0,0.0,1.0,0.0,0.0,1.0,0.0,1.0,1,1,1
273,0.8696520642635358,0.8696520642635358,0.0,0.0,1.0,0.0,1.0,0.0,1.0,0.0,1,1,0
274,0.5618346613021824,0.5618346613021824,1.0,0.0,0.0,1.0,0.0,0.0,0.0,1.0,0,0,0
275,0.0,0.0,0.0,1.0,0.0,0.0,0.0,1.0,1.0,0.0,1,1,1
276,2.56264778055098,2.56264778055098,0.0,0.0,1.0,1.0,0.0,0.0,1.0,0.0,1,0,0
277,1.1774694672248893,1.1774694672248893,0.0,0.0,1.0,0.0,0.0,1.0,1.0,0.0,0,1,1
278,0.0,0.0,0.0,0.0,1.0,0.0,1.0,0.0,0.0,1.0,0,1,1
279,-1.7467958609079686,-1.7467958609079686,0.0,1.0,0.0,0.0,0.0,1.0,0.0,1.0,0,1,0
280,0.40792595982150565,0.40792595982150565,0.0,0.0,1.0,0.0,0.0,1.0,1.0,0.0,1,1,0
281,2.7165564820316566,2.7165564820316566,0.0,1.0,0.0,0.0,0.0,1.0,0.0,1.0,0,1,1
282,-0.1307544953608629,-0.1307544953608629,0.0,0.0,1.0,0.0,0.0,1.0,0.0,1.0,0,1,1
283,-1.0542067042449232,-1.0542067042449232,0.0,0.0,1.0,0.0,0.0,1.0,0.0,1.0,0,1,1
284,-0.8233436520239081,-0.8233436520239081,0.0,0.0,1.0,0.0,0.0,1.0,0.0,1.0,1,1,1
285,0.0,0.0,0.0,0.0,1.0,1.0,0.0,0.0,0.0,1.0,0,0,1
286,0.25401725834082894,0.25401725834082894,1.0,0.0,0.0,0.0,0.0,1.0,0.0,1.0,0,1,1
287,0.02315420611981384,0.02315420611981384,0.0,0.0,1.0,0.0,0.0,1.0,0.0,1.0,1,1,1
288,-0.5924805998028931,-0.5924805998028931,0.0,0.0,1.0,0.0,0.0,1.0,0.0,1.0,0,1,1
289,0.9466064150038742,0.9466064150038742,0.0,0.0,1.0,0.0,1.0,0.0,0.0,1.0,1,1,1
290,-0.5924805998028931,-0.5924805998028931,0.0,1.0,0.0,0.0,0.0,1.0,1.0,0.0,1,1,1
291,-0.2846631968415396,-0.2846631968415396,0.0,0.0,1.0,1.0,0.0,0.0,1.0,0.0,1,1,1
292,-0.8233436520239081,-0.8233436520239081,1.0,0.0,0.0,1.0,0.0,0.0,1.0,0.0,1,0,0
293,0.48488031056184405,0.48488031056184405,1.0,0.0,0.0,0.0,1.0,0.0,0.0,1.0,0,0,1
294,-0.4385718983222164,-0.4385718983222164,0.0,0.0,1.0,0.0,0.0,1.0,1.0,0.0,0,1,1
295,-0.4385718983222164,-0.4385718983222164,0.0,0.0,1.0,0.0,0.0,1.0,0.0,1.0,0,1,1
296,0.0,0.0,1.0,0.0,0.0,1.0,0.0,0.0,0.0,1.0,0,1,1
297,-0.47704907369238553,-0.47704907369238553,1.0,0.0,0.0,0.0,0.0,1.0,0.0,1.0,0,1,1
298,-2.1315676146096605,-2.1315676146096605,0.0,0.0,1.0,1.0,0.0,0.0,1.0,0.0,0,0,0
299,0.0,0.0,0.0,0.0,1.0,1.0,0.0,0.0,0.0,1.0,1,0,1
300,1.5622412209265812,1.5622412209265812,1.0,0.0,0.0,1.0,0.0,0.0,1.0,0.0,1,0,0
301,0.0,0.0,0.0,1.0,0.0,0.0,0.0,1.0,1.0,0.0,1,1,1
302,0.0,0.0,0.0,1.0,0.0,0.0,0.0,1.0,0.0,1.0,1,1,0
303,-0.8233436520239081,-0.8233436520239081,0.0,0.0,1.0,0.0,0.0,1.0,0.0,1.0,0,1,1
304,0.0,0.0,0.0,1.0,0.0,0.0,1.0,0.0,1.0,0.0,1,0,1
305,0.0,0.0,0.0,0.0,1.0,0.0,0.0,1.0,0.0,1.0,0,1,1
306,-2.214678313409226,-2.214678313409226,0.0,0.0,1.0,1.0,0.0,0.0,0.0,1.0,1,0,0
307,0.0,0.0,1.0,0.0,0.0,1.0,0.0,0.0,1.0,0.0,1,1,1
308,-0.977252353504585,-0.977252353504585,1.0,0.0,0.0,1.0,0.0,0.0,1.0,0.0,1,0,0
309,0.02315420611981384,0.02315420611981384,1.0,0.0,0.0,0.0,1.0,0.0,0.0,1.0,0,1,0
310,0.02315420611981384,0.02315420611981384,1.0,0.0,0.0,1.0,0.0,0.0,1.0,0.0,1,0,1
311,-0.4385718983222164,-0.4385718983222164,1.0,0.0,0.0,1.0,0.0,0.0,1.0,0.0,1,0,1
312,-0.9002980027642465,-0.9002980027642465,1.0,0.0,0.0,1.0,0.0,0.0,1.0,0.0,1,0,0
313,-0.2846631968415396,-0.2846631968415396,0.0,0.0,1.0,0.0,1.0,0.0,1.0,0.0,0,1,0
314,-0.1307544953608629,-0.1307544953608629,0.0,0.0,1.0,0.0,0.0,1.0,0.0,1.0,0,1,1
315,1.0235607657442125,1.0235607657442125,0.0,0.0,1.0,0.0,1.0,0.0,0.0,1.0,0,1,0
316,-0.2846631968415396,-0.2846631968415396,0.0,0.0,1.0,0.0,0.0,1.0,1.0,0.0,1,1,1
317,-0.4385718983222164,-0.4385718983222164,0.0,0.0,1.0,0.0,1.0,0.0,1.0,0.0,1,1,0
318,1.8700586238879346,1.8700586238879346,0.0,0.0,1.0,0.0,1.0,0.0,0.0,1.0,0,1,1
319,0.1001085568601522,0.1001085568601522,0.0,0.0,1.0,1.0,0.0,0.0,1.0,0.0,1,0,0
320,0.7926977135231975,0.7926977135231975,1.0,0.0,0.0,1.0,0.0,0.0,1.0,0.0,1,0,0
321,-0.5924805998028931,-0.5924805998028931,0.0,0.0,1.0,0.0,0.0,1.0,0.0,1.0,0,1,1
322,-0.20770884610120124,-0.20770884610120124,0.0,0.0,1.0,0.0,0.0,1.0,0.0,1.0,0,1,1
323,0.02315420611981384,0.02315420611981384,0.0,1.0,0.0,0.0,1.0,0.0,1.0,0.0,1,1,1
324,-0.5924805998028931,-0.5924805998028931,0.0,0.0,1.0,0.0,1.0,0.0,1.0,0.0,1,1,0
325,0.0,0.0,0.0,0.0,1.0,0.0,0.0,1.0,0.0,1.0,0,1,0
326,0.48488031056184405,0.48488031056184405,1.0,0.0,0.0,1.0,0.0,0.0,1.0,0.0,1,0,1
327,2.4087390790703034,2.4087390790703034,0.0,0.0,1.0,0.0,0.0,1.0,0.0,1.0,0,1,1
328,0.48488031056184405,0.48488031056184405,0.0,0.0,1.0,0.0,1.0,0.0,1.0,0.0,1,0,1
329,0.1001085568601522,0.1001085568601522,0.0,0.0,1.0,0.0,0.0,1.0,1.0,0.0,1,1,0
330,-1.0542067042449232,-1.0542067042449232,1.0,0.0,0.0,1.0,0.0,0.0,1.0,0.0,1,0,0
331,0.0,0.0,0.0,1.0,0.0,0.0,0.0,1.0,1.0,0.0,1,1,0
332,1.2159466425950585,1.2159466425950585,0.0,0.0,1.0,1.0,0.0,0.0,0.0,1.0,0,0,1
333,0.6387890120425208,0.6387890120425208,0.0,0.0,1.0,1.0,0.0,0.0,0.0,1.0,0,0,0
334,-1.0542067042449232,-1.0542067042449232,0.0,0.0,1.0,0.0,0.0,1.0,0.0,1.0,0,1,0
335,0.0,0.0,0.0,0.0,1.0,1.0,0.0,0.0,1.0,0.0,1,1,0
336,0.0,0.0,0.0,0.0,1.0,0.0,0.0,1.0,0.0,1.0,0,1,1
337,-0.05380014462052453,-0.05380014462052453,0.0,0.0,1.0,1.0,0.0,0.0,0.0,1.0,0,0,0
338,0.8696520642635358,0.8696520642635358,1.0,0.0,0.0,1.0,0.0,0.0,1.0,0.0,1,0,1
339,1.1774694672248893,1.1774694672248893,0.0,0.0,1.0,0.0,0.0,1.0,0.0,1.0,1,1,1
340,1.1774694672248893,1.1774694672248893,0.0,0.0,1.0,1.0,0.0,0.0,0.0,1.0,0,0,1
341,-2.1315676146096605,-2.1315676146096605,0.0,0.0,1.0,0.0,1.0,0.0,0.0,1.0,1,0,0
342,-0.4385718983222164,-0.4385718983222164,0.0,0.0,1.0,1.0,0.0,0.0,1.0,0.0,1,0,0
343,-0.1307544953608629,-0.1307544953608629,0.0,0.0,1.0,0.0,1.0,0.0,0.0,1.0,0,1,1
344,-0.361617547581878,-0.361617547581878,0.0,0.0,1.0,0.0,1.0,0.0,0.0,1.0,0,1,1
345,0.48488031056184405,0.48488031056184405,0.0,0.0,1.0,0.0,1.0,0.0,0.0,1.0,0,1,1
346,-0.4385718983222164,-0.4385718983222164,0.0,0.0,1.0,0.0,1.0,0.0,1.0,0.0,1,0,1
347,0.7926977135231975,0.7926977135231975,0.0,0.0,1.0,0.0,1.0,0.0,1.0,0.0,1,1,1
348,0.0,0.0,0.0,0.0,1.0,0.0,0.0,1.0,1.0,0.0,1,1,0
349,-2.054613263869322,-2.054613263869322,0.0,0.0,1.0,0.0,0.0,1.0,0.0,1.0,1,1,0
350,0.9466064150038742,0.9466064150038742,0.0,0.0,1.0,0.0,0.0,1.0,0.0,1.0,0,1,1
351,-0.5155262490625547,-0.5155262490625547,0.0,0.0,1.0,0.0,0.0,1.0,0.0,1.0,0,1,1
352,0.0,0.0,0.0,0.0,1.0,1.0,0.0,0.0,0.0,1.0,0,0,1
353,-1.1311610549852615,-1.1311610549852615,1.0,0.0,0.0,0.0,0.0,1.0,0.0,1.0,0,1,0
354,-0.361617547581878,-0.361617547581878,0.0,0.0,1.0,0.0,0.0,1.0,0.0,1.0,0,1,0
355,0.0,0.0,1.0,0.0,0.0,0.0,0.0,1.0,0.0,1.0,0,1,1
356,-0.1307544953608629,-0.1307544953608629,0.0,0.0,1.0,0.0,0.0,1.0,0.0,1.0,0,1,1
357,-0.5924805998028931,-0.5924805998028931,0.0,0.0,1.0,1.0,0.0,0.0,1.0,0.0,1,0,0
358,0.6387890120425208,0.6387890120425208,0.0,0.0,1.0,0.0,1.0,0.0,1.0,0.0,0,1,1
359,0.0,0.0,0.0,1.0,0.0,0.0,0.0,1.0,1.0,0.0,1,1,1
360,0.0,0.0,0.0,1.0,0.0,0.0,0.0,1.0,1.0,0.0,1,1,1
361,0.7926977135231975,0.7926977135231975,0.0,0.0,1.0,0.0,0.0,1.0,0.0,1.0,0,1,0
362,-0.05380014462052453,-0.05380014462052453,1.0,0.0,0.0,0.0,1.0,0.0,0.0,1.0,0,1,0
363,1.1774694672248893,1.1774694672248893,1.0,0.0,0.0,0.0,0.0,1.0,1.0,0.0,0,1,0
364,0.40792595982150565,0.40792595982150565,0.0,0.0,1.0,0.0,0.0,1.0,0.0,1.0,0,1,1
365,0.0,0.0,0.0,1.0,0.0,0.0,0.0,1.0,0.0,1.0,0,1,0
366,0.02315420611981384,0.02315420611981384,0.0,0.0,1.0,0.0,0.0,1.0,0.0,1.0,0,1,1
367,2.3317847283299646,2.3317847283299646,1.0,0.0,0.0,1.0,0.0,0.0,1.0,0.0,1,0,0
368,0.0,0.0,1.0,0.0,0.0,0.0,0.0,1.0,1.0,0.0,1,1,1
369,0.0,0.0,0.0,1.0,0.0,0.0,0.0,1.0,1.0,0.0,1,1,1
370,-0.4385718983222164,-0.4385718983222164,1.0,0.0,0.0,1.0,0.0,0.0,1.0,0.0,1,0,1
371,-0.361617547581878,-0.361617547581878,1.0,0.0,0.0,1.0,0.0,0.0,0.0,1.0,1,0,0
372,-0.9002980027642465,-0.9002980027642465,0.0,0.0,1.0,0.0,0.0,1.0,0.0,1.0,0,1,0
373,-0.8233436520239081,-0.8233436520239081,0.0,0.0,1.0,0.0,0.0,1.0,0.0,1.0,0,1,1
374,-0.5924805998028931,-0.5924805998028931,1.0,0.0,0.0,1.0,0.0,0.0,0.0,1.0,0,1,1
375,-2.054613263869322,-2.054613263869322,0.0,0.0,1.0,0.0,0.0,1.0,1.0,0.0,0,1,0
376,0.0,0.0,1.0,0.0,0.0,1.0,0.0,0.0,1.0,0.0,1,1,0
377,-0.5924805998028931,-0.5924805998028931,0.0,0.0,1.0,0.0,0.0,1.0,1.0,0.0,1,1,1
378,-0.20770884610120124,-0.20770884610120124,1.0,0.0,0.0,1.0,0.0,0.0,0.0,1.0,0,0,0
379,-0.7463893012835698,-0.7463893012835698,1.0,0.0,0.0,0.0,0.0,1.0,0.0,1.0,0,1,1
380,-0.8233436520239081,-0.8233436520239081,0.0,0.0,1.0,0.0,0.0,1.0,0.0,1.0,0,1,1
381,0.9466064150038742,0.9466064150038742,1.0,0.0,0.0,1.0,0.0,0.0,1.0,0.0,1,1,1
382,-2.208521965349999,-2.208521965349999,1.0,0.0,0.0,0.0,0.0,1.0,1.0,0.0,1,1,0
383,0.17706290760049057,0.17706290760049057,0.0,0.0,1.0,0.0,0.0,1.0,0.0,1.0,0,1,1
384,0.40792595982150565,0.40792595982150565,0.0,0.0,1.0,1.0,0.0,0.0,1.0,0.0,1,1,0
385,0.0,0.0,0.0,0.0,1.0,0.0,0.0,1.0,0.0,1.0,0,1,1
386,-0.9002980027642465,-0.9002980027642465,0.0,0.0,1.0,0.0,1.0,0.0,0.0,1.0,0,1,1
387,-2.208521965349999,-2.208521965349999,0.0,0.0,1.0,0.0,0.0,1.0,0.0,1.0,0,1,0
388,0.48488031056184405,0.48488031056184405,0.0,0.0,1.0,0.0,1.0,0.0,1.0,0.0,1,1,1
389,0.0,0.0,0.0,1.0,0.0,0.0,0.0,1.0,0.0,1.0,0,1,1
390,-0.977252353504585,-0.977252353504585,1.0,0.0,0.0,0.0,1.0,0.0,1.0,0.0,1,1,1
391,0.48488031056184405,0.48488031056184405,0.0,0.0,1.0,1.0,0.0,0.0,0.0,1.0,1,0,0
392,-0.6694349505432314,-0.6694349505432314,0.0,0.0,1.0,0.0,0.0,1.0,0.0,1.0,1,1,1
393,-0.1307544953608629,-0.1307544953608629,0.0,0.0,1.0,0.0,0.0,1.0,0.0,1.0,0,1,0
394,-0.5155262490625547,-0.5155262490625547,1.0,0.0,0.0,1.0,0.0,0.0,1.0,0.0,1,0,0
395,-0.4385718983222164,-0.4385718983222164,0.0,0.0,1.0,0.0,0.0,1.0,1.0,0.0,1,0,0
396,-0.5924805998028931,-0.5924805998028931,0.0,0.0,1.0,0.0,0.0,1.0,0.0,1.0,0,1,1
397,0.1001085568601522,0.1001085568601522,0.0,0.0,1.0,0.0,0.0,1.0,1.0,0.0,0,1,1
398,1.2544238179652276,1.2544238179652276,0.0,0.0,1.0,0.0,1.0,0.0,0.0,1.0,0,1,1
399,-0.5155262490625547,-0.5155262490625547,0.0,0.0,1.0,0.0,1.0,0.0,0.0,1.0,0,1,1
400,-0.1307544953608629,-0.1307544953608629,0.0,0.0,1.0,0.0,1.0,0.0,1.0,0.0,1,1,1
401,0.7157433627828591,0.7157433627828591,0.0,0.0,1.0,0.0,0.0,1.0,0.0,1.0,1,1,1
402,-0.2846631968415396,-0.2846631968415396,0.0,0.0,1.0,0.0,0.0,1.0,0.0,1.0,0,1,1
403,-0.6694349505432314,-0.6694349505432314,0.0,0.0,1.0,0.0,0.0,1.0,1.0,0.0,0,1,0
404,-0.1307544953608629,-0.1307544953608629,0.0,0.0,1.0,0.0,0.0,1.0,0.0,1.0,0,1,0
405,-0.7463893012835698,-0.7463893012835698,0.0,0.0,1.0,0.0,0.0,1.0,1.0,0.0,0,1,1
406,0.3309716090811673,0.3309716090811673,0.0,0.0,1.0,0.0,1.0,0.0,0.0,1.0,0,1,0
407,1.6391955716669195,1.6391955716669195,0.0,0.0,1.0,0.0,0.0,1.0,0.0,1.0,0,1,1
408,-2.054613263869322,-2.054613263869322,0.0,0.0,1.0,0.0,1.0,0.0,0.0,1.0,1,1,0
409,-0.6694349505432314,-0.6694349505432314,0.0,0.0,1.0,0.0,0.0,1.0,0.0,1.0,0,1,1
410,0.0,0.0,0.0,0.0,1.0,0.0,0.0,1.0,1.0,0.0,0,1,0
411,0.0,0.0,0.0,0.0,1.0,0.0,0.0,1.0,0.0,1.0,0,1,1
412,0.0,0.0,0.0,1.0,0.0,0.0,0.0,1.0,0.0,1.0,0,1,1
413,0.25401725834082894,0.25401725834082894,0.0,1.0,0.0,1.0,0.0,0.0,1.0,0.0,1,0,0
414,0.0,0.0,0.0,0.0,1.0,0.0,1.0,0.0,0.0,1.0,0,1,1
415,1.100515116484551,1.100515116484551,0.0,0.0,1.0,0.0,0.0,1.0,0.0,1.0,1,1,1
416,0.0,0.0,0.0,0.0,1.0,0.0,0.0,1.0,1.0,0.0,0,1,1
417,0.3309716090811673,0.3309716090811673,0.0,0.0,1.0,0.0,1.0,0.0,1.0,0.0,1,1,0
418,-0.9002980027642465,-0.9002980027642465,0.0,0.0,1.0,0.0,1.0,0.0,1.0,0.0,1,1,0
419,0.02315420611981384,0.02315420611981384,0.0,0.0,1.0,0.0,1.0,0.0,0.0,1.0,0,1,1
420,-1.5159328086869535,-1.5159328086869535,0.0,0.0,1.0,0.0,0.0,1.0,1.0,0.0,0,1,0
421,0.0,0.0,1.0,0.0,0.0,0.0,0.0,1.0,0.0,1.0,0,1,1
422,-0.6694349505432314,-0.6694349505432314,0.0,1.0,0.0,0.0,0.0,1.0,0.0,1.0,0,1,1
423,-0.05380014462052453,-0.05380014462052453,0.0,0.0,1.0,0.0,0.0,1.0,0.0,1.0,0,1,1
424,-0.1307544953608629,-0.1307544953608629,0.0,0.0,1.0,0.0,0.0,1.0,1.0,0.0,0,1,0
425,-0.9002980027642465,-0.9002980027642465,0.0,0.0,1.0,0.0,0.0,1.0,0.0,1.0,0,1,0
426,0.0,0.0,0.0,0.0,1.0,0.0,0.0,1.0,0.0,1.0,0,1,1
427,-0.1307544953608629,-0.1307544953608629,0.0,0.0,1.0,0.0,1.0,0.0,1.0,0.0,1,1,0
428,-0.8233436520239081,-0.8233436520239081,0.0,0.0,1.0,0.0,1.0,0.0,1.0,0.0,1,1,1
429,0.0,0.0,0.0,1.0,0.0,0.0,0.0,1.0,0.0,1.0,0,1,1
430,0.17706290760049057,0.17706290760049057,0.0,0.0,1.0,0.0,0.0,1.0,0.0,1.0,1,0,1
431,-0.1307544953608629,-0.1307544953608629,0.0,0.0,1.0,1.0,0.0,0.0,0.0,1.0,1,0,1
432,0.0,0.0,0.0,0.0,1.0,0.0,0.0,1.0,1.0,0.0,1,1,0
433,0.9466064150038742,0.9466064150038742,0.0,0.0,1.0,0.0,1.0,0.0,1.0,0.0,1,1,0
434,-0.977252353504585,-0.977252353504585,0.0,0.0,1.0,0.0,0.0,1.0,0.0,1.0,0,1,1
435,1.5622412209265812,1.5622412209265812,0.0,0.0,1.0,1.0,0.0,0.0,0.0,1.0,0,0,0
436,-1.2081154057256,-1.2081154057256,0.0,0.0,1.0,1.0,0.0,0.0,1.0,0.0,1,0,0
437,-0.6694349505432314,-0.6694349505432314,0.0,0.0,1.0,0.0,0.0,1.0,1.0,0.0,0,1,0
438,-0.4385718983222164,-0.4385718983222164,0.0,0.0,1.0,0.0,1.0,0.0,1.0,0.0,1,1,0
439,2.6396021312913183,2.6396021312913183,0.0,0.0,1.0,1.0,0.0,0.0,0.0,1.0,0,0,0
440,0.1001085568601522,0.1001085568601522,0.0,0.0,1.0,0.0,1.0,0.0,0.0,1.0,0,1,1
441,1.1774694672248893,1.1774694672248893,0.0,0.0,1.0,0.0,1.0,0.0,1.0,0.0,1,1,0
442,-0.7463893012835698,-0.7463893012835698,0.0,0.0,1.0,0.0,0.0,1.0,0.0,1.0,0,1,1
443,-0.361617547581878,-0.361617547581878,0.0,0.0,1.0,0.0,0.0,1.0,0.0,1.0,0,1,0
444,-0.1307544953608629,-0.1307544953608629,0.0,0.0,1.0,0.0,1.0,0.0,1.0,0.0,1,1,1
445,0.0,0.0,0.0,0.0,1.0,0.0,0.0,1.0,0.0,1.0,1,1,1
446,-1.9776589131289837,-1.9776589131289837,0.0,0.0,1.0,1.0,0.0,0.0,0.0,1.0,1,0,0
447,-1.2850697564659384,-1.2850697564659384,0.0,0.0,1.0,0.0,1.0,0.0,1.0,0.0,1,1,0
448,0.3309716090811673,0.3309716090811673,0.0,0.0,1.0,1.0,0.0,0.0,0.0,1.0,1,1,1
449,-1.9007045623886454,-1.9007045623886454,1.0,0.0,0.0,0.0,0.0,1.0,1.0,0.0,1,1,0
450,1.7161499224072578,1.7161499224072578,0.0,0.0,1.0,1.0,0.0,0.0,0.0,1.0,1,0,1
451,0.48488031056184405,0.48488031056184405,0.0,0.0,1.0,0.0,1.0,0.0,0.0,1.0,0,1,0
452,0.0,0.0,0.0,0.0,1.0,0.0,0.0,1.0,0.0,1.0,0,1,0
453,0.02315420611981384,0.02315420611981384,1.0,0.0,0.0,1.0,0.0,0.0,0.0,1.0,0,0,1
454,1.4852868701862427,1.4852868701862427,1.0,0.0,0.0,1.0,0.0,0.0,0.0,1.0,1,0,0
455,0.0,0.0,0.0,0.0,1.0,0.0,0.0,1.0,0.0,1.0,0,1,1
456,-0.05380014462052453,-0.05380014462052453,1.0,0.0,0.0,0.0,0.0,1.0,0.0,1.0,1,1,1
457,2.7165564820316566,2.7165564820316566,0.0,0.0,1.0,1.0,0.0,0.0,0.0,1.0,0,0,1
458,0.0,0.0,0.0,0.0,1.0,1.0,0.0,0.0,1.0,0.0,1,0,0
459,1.5622412209265812,1.5622412209265812,0.0,0.0,1.0,0.0,1.0,0.0,1.0,0.0,1,1,1
460,0.0,0.0,0.0,1.0,0.0,0.0,0.0,1.0,0.0,1.0,0,1,1
461,1.4083325194459044,1.4083325194459044,0.0,0.0,1.0,1.0,0.0,0.0,0.0,1.0,1,0,1
462,0.3309716090811673,0.3309716090811673,0.0,0.0,1.0,0.0,0.0,1.0,0.0,1.0,0,1,1
463,1.3313781687055661,1.3313781687055661,0.0,0.0,1.0,1.0,0.0,0.0,0.0,1.0,0,0,1
464,1.4083325194459044,1.4083325194459044,0.0,0.0,1.0,0.0,1.0,0.0,0.0,1.0,0,1,1
465,0.0,0.0,0.0,0.0,1.0,0.0,0.0,1.0,0.0,1.0,0,1,1
466,0.6387890120425208,0.6387890120425208,0.0,0.0,1.0,0.0,0.0,1.0,0.0,1.0,0,1,1
467,0.0,0.0,0.0,0.0,1.0,0.0,1.0,0.0,0.0,1.0,0,1,1
468,2.0239673253686115,2.0239673253686115,0.0,0.0,1.0,1.0,0.0,0.0,0.0,1.0,0,1,1
469,0.0,0.0,0.0,1.0,0.0,0.0,0.0,1.0,0.0,1.0,0,1,1
470,-2.2277605530350835,-2.2277605530350835,1.0,0.0,0.0,0.0,0.0,1.0,1.0,0.0,1,1,0
471,0.0,0.0,0.0,0.0,1.0,0.0,0.0,1.0,0.0,1.0,0,1,1
472,0.6387890120425208,0.6387890120425208,0.0,0.0,1.0,0.0,0.0,1.0,0.0,1.0,0,1,1
473,0.25401725834082894,0.25401725834082894,0.0,0.0,1.0,0.0,1.0,0.0,1.0,0.0,1,1,0
474,-0.5155262490625547,-0.5155262490625547,1.0,0.0,0.0,0.0,1.0,0.0,1.0,0.0,1,0,1
475,-0.5924805998028931,-0.5924805998028931,0.0,0.0,1.0,0.0,0.0,1.0,1.0,0.0,0,1,1
476,0.0,0.0,0.0,0.0,1.0,1.0,0.0,0.0,0.0,1.0,0,0,1
477,0.3309716090811673,0.3309716090811673,0.0,0.0,1.0,0.0,1.0,0.0,0.0,1.0,0,1,0
478,-0.05380014462052453,-0.05380014462052453,0.0,0.0,1.0,0.0,0.0,1.0,0.0,1.0,0,1,0
479,-0.5924805998028931,-0.5924805998028931,0.0,0.0,1.0,0.0,0.0,1.0,0.0,1.0,0,1,1
480,-2.1315676146096605,-2.1315676146096605,0.0,0.0,1.0,0.0,0.0,1.0,1.0,0.0,1,1,0
481,-1.5928871594272918,-1.5928871594272918,0.0,0.0,1.0,0.0,0.0,1.0,0.0,1.0,0,1,0
482,0.0,0.0,0.0,0.0,1.0,0.0,1.0,0.0,0.0,1.0,0,1,1
483,1.5622412209265812,1.5622412209265812,0.0,0.0,1.0,0.0,0.0,1.0,0.0,1.0,0,1,1
484,2.56264778055098,2.56264778055098,0.0,0.0,1.0,0.0,0.0,1.0,1.0,0.0,1,1,1
485,-0.361617547581878,-0.361617547581878,1.0,0.0,0.0,1.0,0.0,0.0,0.0,1.0,1,0,0
486,0.0,0.0,0.0,0.0,1.0,0.0,0.0,1.0,1.0,0.0,0,1,0
487,0.40792595982150565,0.40792595982150565,0.0,0.0,1.0,1.0,0.0,0.0,1.0,0.0,1,0,0
488,2.177876026849288,2.177876026849288,1.0,0.0,0.0,1.0,0.0,0.0,0.0,1.0,0,0,1
489,0.02315420611981384,0.02315420611981384,0.0,0.0,1.0,0.0,0.0,1.0,0.0,1.0,0,1,1
490,-1.5928871594272918,-1.5928871594272918,0.0,0.0,1.0,0.0,0.0,1.0,0.0,1.0,1,1,0
491,0.0,0.0,0.0,0.0,1.0,0.0,0.0,1.0,0.0,1.0,0,1,0
492,-0.6694349505432314,-0.6694349505432314,0.0,0.0,1.0,0.0,0.0,1.0,0.0,1.0,0,1,1
493,1.947012974628273,1.947012974628273,0.0,0.0,1.0,1.0,0.0,0.0,0.0,1.0,0,0,1
494,3.1782825864736868,3.1782825864736868,1.0,0.0,0.0,1.0,0.0,0.0,0.0,1.0,0,1,1
495,-0.6694349505432314,-0.6694349505432314,0.0,0.0,1.0,0.0,0.0,1.0,0.0,1.0,0,1,1
496,0.0,0.0,1.0,0.0,0.0,0.0,0.0,1.0,0.0,1.0,0,1,1
497,1.8700586238879346,1.8700586238879346,1.0,0.0,0.0,1.0,0.0,0.0,1.0,0.0,1,0,0
498,0.0,0.0,0.0,0.0,1.0,0.0,0.0,1.0,0.0,1.0,0,1,1
499,-0.361617547581878,-0.361617547581878,0.0,0.0,1.0,1.0,0.0,0.0,1.0,0.0,0,0,0
500,-0.4385718983222164,-0.4385718983222164,0.0,0.0,1.0,0.0,0.0,1.0,0.0,1.0,0,1,1
501,-0.977252353504585,-0.977252353504585,0.0,0.0,1.0,0.0,0.0,1.0,0.0,1.0,0,1,1
502,-0.6694349505432314,-0.6694349505432314,0.0,1.0,0.0,0.0,0.0,1.0,1.0,0.0,0,1,1
503,0.0,0.0,0.0,1.0,0.0,0.0,0.0,1.0,1.0,0.0,0,1,1
504,0.5618346613021824,0.5618346613021824,0.0,0.0,1.0,0.0,0.0,1.0,1.0,0.0,0,1,1
505,-1.0542067042449232,-1.0542067042449232,0.0,0.0,1.0,1.0,0.0,0.0,1.0,0.0,1,0,1
506,-0.9002980027642465,-0.9002980027642465,1.0,0.0,0.0,1.0,0.0,0.0,0.0,1.0,0,0,0
507,0.25401725834082894,0.25401725834082894,0.0,0.0,1.0,0.0,1.0,0.0,1.0,0.0,1,1,0
508,0.0,0.0,0.0,0.0,1.0,1.0,0.0,0.0,0.0,1.0,1,1,1
509,-0.1307544953608629,-0.1307544953608629,0.0,0.0,1.0,0.0,0.0,1.0,0.0,1.0,0,1,1
510,-0.2846631968415396,-0.2846631968415396,0.0,0.0,1.0,0.0,0.0,1.0,0.0,1.0,1,1,1
511,-0.05380014462052453,-0.05380014462052453,0.0,1.0,0.0,0.0,0.0,1.0,0.0,1.0,1,1,1
512,0.0,0.0,0.0,0.0,1.0,0.0,0.0,1.0,0.0,1.0,0,1,1
513,0.48488031056184405,0.48488031056184405,0.0,0.0,1.0,1.0,0.0,0.0,0.0,1.0,1,0,1
514,1.8700586238879346,1.8700586238879346,1.0,0.0,0.0,1.0,0.0,0.0,1.0,0.0,1,1,0
515,-0.4385718983222164,-0.4385718983222164,0.0,0.0,1.0,0.0,0.0,1.0,0.0,1.0,0,1,1
516,1.3313781687055661,1.3313781687055661,0.0,0.0,1.0,1.0,0.0,0.0,0.0,1.0,0,0,1
517,0.3309716090811673,0.3309716090811673,0.0,0.0,1.0,0.0,1.0,0.0,1.0,0.0,1,0,1
518,0.0,0.0,0.0,1.0,0.0,0.0,0.0,1.0,0.0,1.0,0,1,1
519,0.48488031056184405,0.48488031056184405,0.0,0.0,1.0,0.0,1.0,0.0,1.0,0.0,1,1,0
520,0.17706290760049057,0.17706290760049057,0.0,0.0,1.0,0.0,0.0,1.0,0.0,1.0,0,1,1
521,0.02315420611981384,0.02315420611981384,0.0,0.0,1.0,1.0,0.0,0.0,1.0,0.0,1,0,1
522,-0.5924805998028931,-0.5924805998028931,0.0,0.0,1.0,0.0,0.0,1.0,0.0,1.0,0,1,1
523,0.0,0.0,1.0,0.0,0.0,0.0,0.0,1.0,0.0,1.0,0,1,1
524,1.100515116484551,1.100515116484551,1.0,0.0,0.0,1.0,0.0,0.0,1.0,0.0,1,0,0
525,0.0,0.0,1.0,0.0,0.0,0.0,0.0,1.0,0.0,1.0,0,1,1
526,0.8311748888933667,0.8311748888933667,0.0,1.0,0.0,0.0,0.0,1.0,0.0,1.0,0,1,1
527,1.5622412209265812,1.5622412209265812,0.0,0.0,1.0,0.0,1.0,0.0,1.0,0.0,1,1,1
528,0.0,0.0,0.0,0.0,1.0,1.0,0.0,0.0,0.0,1.0,0,0,1
529,0.7157433627828591,0.7157433627828591,0.0,0.0,1.0,0.0,0.0,1.0,0.0,1.0,0,1,1
530,-0.5155262490625547,-0.5155262490625547,0.0,0.0,1.0,0.0,1.0,0.0,0.0,1.0,0,1,0
531,-2.1315676146096605,-2.1315676146096605,0.0,0.0,1.0,0.0,1.0,0.0,1.0,0.0,1,1,0
532,0.0,0.0,1.0,0.0,0.0,0.0,0.0,1.0,0.0,1.0,0,1,1
533,-0.977252353504585,-0.977252353504585,1.0,0.0,0.0,0.0,0.0,1.0,0.0,1.0,0,1,0
534,0.0,0.0,1.0,0.0,0.0,0.0,0.0,1.0,1.0,0.0,1,1,0
535,0.02315420611981384,0.02315420611981384,0.0,0.0,1.0,0.0,0.0,1.0,1.0,0.0,0,1,1
536,-1.7467958609079686,-1.7467958609079686,0.0,0.0,1.0,0.0,1.0,0.0,1.0,0.0,1,1,0
537,1.1774694672248893,1.1774694672248893,0.0,0.0,1.0,1.0,0.0,0.0,0.0,1.0,0,0,1
538,0.02315420611981384,0.02315420611981384,1.0,0.0,0.0,1.0,0.0,0.0,1.0,0.0,1,1,1
539,0.0,0.0,0.0,0.0,1.0,0.0,0.0,1.0,0.0,1.0,0,1,1
540,-0.5924805998028931,-0.5924805998028931,1.0,0.0,0.0,1.0,0.0,0.0,1.0,0.0,1,0,0
541,0.48488031056184405,0.48488031056184405,0.0,0.0,1.0,1.0,0.0,0.0,1.0,0.0,1,0,0
542,-1.5928871594272918,-1.5928871594272918,0.0,0.0,1.0,0.0,0.0,1.0,1.0,0.0,0,1,0
543,-1.4389784579466152,-1.4389784579466152,0.0,0.0,1.0,0.0,0.0,1.0,1.0,0.0,0,1,0
544,0.17706290760049057,0.17706290760049057,0.0,0.0,1.0,0.0,1.0,0.0,0.0,1.0,1,1,0
545,1.5622412209265812,1.5622412209265812,1.0,0.0,0.0,1.0,0.0,0.0,0.0,1.0,0,0,0
546,2.6396021312913183,2.6396021312913183,0.0,0.0,1.0,1.0,0.0,0.0,0.0,1.0,0,1,1
547,-0.8233436520239081,-0.8233436520239081,0.0,0.0,1.0,0.0,1.0,0.0,1.0,0.0,1,1,0
548,0.0,0.0,1.0,0.0,0.0,0.0,1.0,0.0,0.0,1.0,1,1,1
549,0.25401725834082894,0.25401725834082894,0.0,0.0,1.0,0.0,0.0,1.0,0.0,1.0,0,1,0
550,-1.6698415101676303,-1.6698415101676303,0.0,0.0,1.0,0.0,1.0,0.0,0.0,1.0,1,1,0
551,-0.977252353504585,-0.977252353504585,1.0,0.0,0.0,1.0,0.0,0.0,0.0,1.0,1,0,0
552,-0.20770884610120124,-0.20770884610120124,0.0,0.0,1.0,0.0,1.0,0.0,0.0,1.0,0,1,1
553,0.0,0.0,0.0,1.0,0.0,0.0,0.0,1.0,0.0,1.0,0,1,1
554,-0.5924805998028931,-0.5924805998028931,1.0,0.0,0.0,0.0,0.0,1.0,0.0,1.0,1,1,1
555,-0.5924805998028931,-0.5924805998028931,0.0,0.0,1.0,0.0,0.0,1.0,1.0,0.0,1,1,1
556,2.4856934298106417,2.4856934298106417,0.0,0.0,1.0,1.0,0.0,0.0,0.0,1.0,0,1,1
557,1.4083325194459044,1.4083325194459044,1.0,0.0,0.0,1.0,0.0,0.0,1.0,0.0,1,0,0
558,0.0,0.0,1.0,0.0,0.0,1.0,0.0,0.0,0.0,1.0,0,1,1
559,0.7157433627828591,0.7157433627828591,0.0,0.0,1.0,1.0,0.0,0.0,1.0,0.0,1,0,0
560,0.48488031056184405,0.48488031056184405,0.0,0.0,1.0,0.0,0.0,1.0,1.0,0.0,1,1,0
561,0.0,0.0,0.0,1.0,0.0,0.0,0.0,1.0,0.0,1.0,0,1,1
562,0.7926977135231975,0.7926977135231975,0.0,0.0,1.0,0.0,0.0,1.0,0.0,1.0,0,1,1
563,-0.1307544953608629,-0.1307544953608629,0.0,0.0,1.0,0.0,1.0,0.0,0.0,1.0,0,1,1
564,0.0,0.0,0.0,0.0,1.0,0.0,0.0,1.0,0.0,1.0,0,1,1
565,0.0,0.0,0.0,0.0,1.0,0.0,0.0,1.0,1.0,0.0,0,1,1
566,-0.4385718983222164,-0.4385718983222164,0.0,0.0,1.0,0.0,0.0,1.0,0.0,1.0,0,1,0
567,-0.8233436520239081,-0.8233436520239081,0.0,0.0,1.0,0.0,0.0,1.0,0.0,1.0,0,1,1
568,-0.05380014462052453,-0.05380014462052453,0.0,0.0,1.0,0.0,0.0,1.0,1.0,0.0,0,1,0
569,0.0,0.0,1.0,0.0,0.0,0.0,0.0,1.0,0.0,1.0,0,1,1
570,0.17706290760049057,0.17706290760049057,0.0,0.0,1.0,0.0,0.0,1.0,0.0,1.0,1,1,1
571,2.4856934298106417,2.4856934298106417,0.0,0.0,1.0,0.0,1.0,0.0,0.0,1.0,1,1,1
572,1.7931042731475964,1.7931042731475964,0.0,0.0,1.0,1.0,0.0,0.0,1.0,0.0,1,0,0
573,0.48488031056184405,0.48488031056184405,0.0,0.0,1.0,1.0,0.0,0.0,0.0,1.0,1,0,1
574,0.0,0.0,0.0,1.0,0.0,0.0,0.0,1.0,1.0,0.0,1,1,1
575,-1.0542067042449232,-1.0542067042449232,0.0,0.0,1.0,0.0,0.0,1.0,0.0,1.0,0,1,1
576,-0.8233436520239081,-0.8233436520239081,0.0,0.0,1.0,0.0,0.0,1.0,0.0,1.0,0,1,1
577,0.3309716090811673,0.3309716090811673,0.0,0.0,1.0,0.0,1.0,0.0,1.0,0.0,1,1,1
578,0.7157433627828591,0.7157433627828591,0.0,0.0,1.0,1.0,0.0,0.0,1.0,0.0,1,0,0
579,0.0,0.0,1.0,0.0,0.0,0.0,0.0,1.0,1.0,0.0,0,1,0
580,0.17706290760049057,0.17706290760049057,0.0,0.0,1.0,0.0,0.0,1.0,0.0,1.0,1,1,1
581,-0.361617547581878,-0.361617547581878,0.0,0.0,1.0,0.0,1.0,0.0,1.0,0.0,1,1,0
582,0.7157433627828591,0.7157433627828591,1.0,0.0,0.0,1.0,0.0,0.0,1.0,0.0,1,0,0
583,1.8700586238879346,1.8700586238879346,0.0,0.0,1.0,0.0,1.0,0.0,0.0,1.0,0,1,1
584,0.48488031056184405,0.48488031056184405,1.0,0.0,0.0,1.0,0.0,0.0,0.0,1.0,0,0,1
585,0.0,0.0,1.0,0.0,0.0,0.0,0.0,1.0,0.0,1.0,0,1,1
586,-0.9002980027642465,-0.9002980027642465,0.0,0.0,1.0,1.0,0.0,0.0,1.0,0.0,1,0,0
587,1.3313781687055661,1.3313781687055661,0.0,0.0,1.0,0.0,1.0,0.0,0.0,1.0,0,1,1
588,2.3317847283299646,2.3317847283299646,1.0,0.0,0.0,1.0,0.0,0.0,0.0,1.0,1,0,0
589,-0.5924805998028931,-0.5924805998028931,0.0,0.0,1.0,0.0,0.0,1.0,0.0,1.0,0,1,1
590,0.0,0.0,0.0,0.0,1.0,0.0,0.0,1.0,0.0,1.0,0,1,1
591,0.40792595982150565,0.40792595982150565,0.0,0.0,1.0,0.0,0.0,1.0,0.0,1.0,0,1,1
592,1.7161499224072578,1.7161499224072578,1.0,0.0,0.0,1.0,0.0,0.0,1.0,0.0,1,0,0
593,1.3313781687055661,1.3313781687055661,0.0,0.0,1.0,0.0,0.0,1.0,0.0,1.0,0,1,1
594,0.0,0.0,0.0,1.0,0.0,0.0,0.0,1.0,1.0,0.0,0,1,0
595,0.5618346613021824,0.5618346613021824,0.0,0.0,1.0,0.0,1.0,0.0,0.0,1.0,0,1,0
596,0.48488031056184405,0.48488031056184405,0.0,0.0,1.0,0.0,0.0,1.0,0.0,1.0,0,1,0
597,0.0,0.0,0.0,0.0,1.0,0.0,1.0,0.0,1.0,0.0,1,1,1
598,1.4852868701862427,1.4852868701862427,0.0,0.0,1.0,0.0,0.0,1.0,0.0,1.0,0,1,1
599,0.0,0.0,1.0,0.0,0.0,0.0,0.0,1.0,0.0,1.0,0,1,1
600,1.4852868701862427,1.4852868701862427,1.0,0.0,0.0,1.0,0.0,0.0,0.0,1.0,1,0,0
601,-0.4385718983222164,-0.4385718983222164,0.0,0.0,1.0,0.0,1.0,0.0,1.0,0.0,1,1,0
602,0.0,0.0,0.0,0.0,1.0,0.0,0.0,1.0,0.0,1.0,0,1,1
603,0.0,0.0,0.0,0.0,1.0,1.0,0.0,0.0,0.0,1.0,0,1,1
604,1.100515116484551,1.100515116484551,0.0,0.0,1.0,0.0,0.0,1.0,0.0,1.0,0,1,1
605,0.40792595982150565,0.40792595982150565,1.0,0.0,0.0,1.0,0.0,0.0,0.0,1.0,1,1,1
606,0.48488031056184405,0.48488031056184405,0.0,0.0,1.0,0.0,0.0,1.0,0.0,1.0,0,1,0
607,0.02315420611981384,0.02315420611981384,0.0,0.0,1.0,0.0,0.0,1.0,0.0,1.0,0,1,1
608,-0.20770884610120124,-0.20770884610120124,0.0,0.0,1.0,1.0,0.0,0.0,0.0,1.0,1,1,1
609,-0.5924805998028931,-0.5924805998028931,1.0,0.0,0.0,0.0,1.0,0.0,1.0,0.0,1,1,0
610,0.7926977135231975,0.7926977135231975,0.0,0.0,1.0,1.0,0.0,0.0,1.0,0.0,1,0,1
611,0.7157433627828591,0.7157433627828591,0.0,0.0,1.0,0.0,0.0,1.0,1.0,0.0,0,1,0
612,0.0,0.0,0.0,0.0,1.0,0.0,0.0,1.0,0.0,1.0,0,1,1
613,0.0,0.0,0.0,1.0,0.0,0.0,0.0,1.0,1.0,0.0,1,1,0
614,0.0,0.0,0.0,1.0,0.0,0.0,0.0,1.0,0.0,1.0,0,1,1
615,0.40792595982150565,0.40792595982150565,0.0,0.0,1.0,0.0,0.0,1.0,0.0,1.0,0,1,1
616,-0.4385718983222164,-0.4385718983222164,0.0,0.0,1.0,0.0,1.0,0.0,1.0,0.0,1,1,0
617,0.3309716090811673,0.3309716090811673,0.0,0.0,1.0,0.0,0.0,1.0,0.0,1.0,0,1,0
618,-0.2846631968415396,-0.2846631968415396,0.0,0.0,1.0,0.0,0.0,1.0,1.0,0.0,0,1,0
619,-1.9776589131289837,-1.9776589131289837,0.0,0.0,1.0,0.0,1.0,0.0,1.0,0.0,1,0,0
620,-0.2846631968415396,-0.2846631968415396,0.0,0.0,1.0,0.0,1.0,0.0,0.0,1.0,0,1,1
621,-0.20770884610120124,-0.20770884610120124,1.0,0.0,0.0,0.0,0.0,1.0,0.0,1.0,0,1,0
622,0.9466064150038742,0.9466064150038742,0.0,0.0,1.0,1.0,0.0,0.0,0.0,1.0,1,0,0
623,-0.7463893012835698,-0.7463893012835698,1.0,0.0,0.0,0.0,0.0,1.0,0.0,1.0,1,1,0
624,-0.6694349505432314,-0.6694349505432314,0.0,0.0,1.0,0.0,0.0,1.0,0.0,1.0,0,1,1
625,-0.6694349505432314,-0.6694349505432314,0.0,0.0,1.0,0.0,0.0,1.0,0.0,1.0,0,1,1
626,2.4087390790703034,2.4087390790703034,0.0,0.0,1.0,1.0,0.0,0.0,0.0,1.0,0,0,1
627,2.1009216761089498,2.1009216761089498,0.0,1.0,0.0,0.0,1.0,0.0,0.0,1.0,0,1,1
628,-0.6694349505432314,-0.6694349505432314,0.0,0.0,1.0,1.0,0.0,0.0,1.0,0.0,1,0,1
629,-0.2846631968415396,-0.2846631968415396,0.0,0.0,1.0,0.0,0.0,1.0,0.0,1.0,0,1,1
630,0.0,0.0,0.0,1.0,0.0,0.0,0.0,1.0,0.0,1.0,0,1,1
631,3.8708717431367323,3.8708717431367323,0.0,0.0,1.0,1.0,0.0,0.0,0.0,1.0,1,0,1
632,1.6391955716669195,1.6391955716669195,0.0,0.0,1.0,0.0,0.0,1.0,0.0,1.0,0,1,1
633,0.17706290760049057,0.17706290760049057,1.0,0.0,0.0,1.0,0.0,0.0,0.0,1.0,1,0,1
634,0.0,0.0,0.0,0.0,1.0,1.0,0.0,0.0,0.0,1.0,0,1,1
635,-1.5928871594272918,-1.5928871594272918,0.0,0.0,1.0,0.0,0.0,1.0,1.0,0.0,0,1,0
636,-0.1307544953608629,-0.1307544953608629,0.0,0.0,1.0,0.0,1.0,0.0,1.0,0.0,1,1,1
637,0.17706290760049057,0.17706290760049057,0.0,0.0,1.0,0.0,0.0,1.0,0.0,1.0,0,1,1
638,0.1001085568601522,0.1001085568601522,0.0,0.0,1.0,0.0,1.0,0.0,0.0,1.0,0,1,0
639,0.8696520642635358,0.8696520642635358,0.0,0.0,1.0,0.0,0.0,1.0,1.0,0.0,0,1,0
640,0.0,0.0,0.0,0.0,1.0,0.0,0.0,1.0,0.0,1.0,0,1,0
641,-0.7463893012835698,-0.7463893012835698,0.0,0.0,1.0,0.0,0.0,1.0,0.0,1.0,0,1,1
642,-0.4385718983222164,-0.4385718983222164,1.0,0.0,0.0,1.0,0.0,0.0,1.0,0.0,1,0,1
643,-2.1315676146096605,-2.1315676146096605,0.0,0.0,1.0,0.0,0.0,1.0,1.0,0.0,0,1,0
644,0.0,0.0,0.0,0.0,1.0,0.0,0.0,1.0,0.0,1.0,1,1,1
645,-2.2277605530350835,-2.2277605530350835,1.0,0.0,0.0,0.0,0.0,1.0,1.0,0.0,1,1,0
646,1.4083325194459044,1.4083325194459044,1.0,0.0,0.0,1.0,0.0,0.0,0.0,1.0,1,0,0
647,-0.8233436520239081,-0.8233436520239081,0.0,0.0,1.0,0.0,0.0,1.0,0.0,1.0,0,1,1
648,2.0239673253686115,2.0239673253686115,1.0,0.0,0.0,1.0,0.0,0.0,0.0,1.0,1,0,1
649,0.0,0.0,0.0,0.0,1.0,0.0,0.0,1.0,0.0,1.0,0,1,1
650,-0.5155262490625547,-0.5155262490625547,0.0,0.0,1.0,0.0,0.0,1.0,1.0,0.0,1,1,1
651,0.0,0.0,0.0,0.0,1.0,0.0,0.0,1.0,0.0,1.0,0,1,1
652,-0.9002980027642465,-0.9002980027642465,0.0,0.0,1.0,0.0,1.0,0.0,1.0,0.0,1,1,0
653,-0.6694349505432314,-0.6694349505432314,0.0,0.0,1.0,0.0,0.0,1.0,0.0,1.0,0,1,1
654,0.0,0.0,0.0,1.0,0.0,0.0,0.0,1.0,1.0,0.0,1,1,1
655,-0.9002980027642465,-0.9002980027642465,0.0,1.0,0.0,0.0,0.0,1.0,1.0,0.0,0,1,1
656,-0.4385718983222164,-0.4385718983222164,0.0,0.0,1.0,0.0,1.0,0.0,0.0,1.0,0,1,0
657,0.0,0.0,0.0,0.0,1.0,0.0,0.0,1.0,0.0,1.0,0,1,1
658,0.17706290760049057,0.17706290760049057,0.0,1.0,0.0,0.0,0.0,1.0,1.0,0.0,0,1,0
659,-0.5155262490625547,-0.5155262490625547,0.0,0.0,1.0,0.0,1.0,0.0,0.0,1.0,0,1,1
660,2.177876026849288,2.177876026849288,1.0,0.0,0.0,1.0,0.0,0.0,0.0,1.0,0,0,0
661,1.5622412209265812,1.5622412209265812,0.0,0.0,1.0,1.0,0.0,0.0,0.0,1.0,1,1,0
662,0.7926977135231975,0.7926977135231975,1.0,0.0,0.0,0.0,0.0,1.0,0.0,1.0,0,1,1
663,1.3313781687055661,1.3313781687055661,0.0,0.0,1.0,1.0,0.0,0.0,0.0,1.0,0,0,1
664,0.48488031056184405,0.48488031056184405,0.0,0.0,1.0,0.0,0.0,1.0,0.0,1.0,0,1,1
665,-0.7463893012835698,-0.7463893012835698,0.0,0.0,1.0,0.0,0.0,1.0,0.0,1.0,1,1,0
666,0.17706290760049057,0.17706290760049057,0.0,0.0,1.0,0.0,1.0,0.0,0.0,1.0,0,1,0
667,-0.361617547581878,-0.361617547581878,0.0,0.0,1.0,0.0,1.0,0.0,0.0,1.0,0,1,1
668,0.0,0.0,0.0,0.0,1.0,0.0,0.0,1.0,0.0,1.0,0,1,1
669,1.0235607657442125,1.0235607657442125,0.0,0.0,1.0,0.0,0.0,1.0,0.0,1.0,0,1,1
670,0.0,0.0,0.0,0.0,1.0,1.0,0.0,0.0,1.0,0.0,1,0,0
671,0.7926977135231975,0.7926977135231975,0.0,0.0,1.0,0.0,1.0,0.0,1.0,0.0,1,1,0
672,0.1001085568601522,0.1001085568601522,0.0,0.0,1.0,1.0,0.0,0.0,0.0,1.0,0,0,0
673,3.1013282357333485,3.1013282357333485,0.0,0.0,1.0,0.0,1.0,0.0,0.0,1.0,0,1,1
674,0.1001085568601522,0.1001085568601522,0.0,0.0,1.0,0.0,1.0,0.0,0.0,1.0,1,1,1
675,0.0,0.0,0.0,0.0,1.0,0.0,1.0,0.0,0.0,1.0,0,1,1
676,-0.9002980027642465,-0.9002980027642465,0.0,0.0,1.0,0.0,0.0,1.0,0.0,1.0,0,1,1
677,-0.4000947229520472,-0.4000947229520472,0.0,0.0,1.0,0.0,0.0,1.0,0.0,1.0,0,1,1
678,-0.9002980027642465,-0.9002980027642465,0.0,0.0,1.0,0.0,0.0,1.0,1.0,0.0,1,1,1
679,1.0235607657442125,1.0235607657442125,0.0,0.0,1.0,0.0,0.0,1.0,1.0,0.0,0,1,0
680,0.48488031056184405,0.48488031056184405,1.0,0.0,0.0,1.0,0.0,0.0,0.0,1.0,1,0,0
681,0.0,0.0,0.0,1.0,0.0,0.0,0.0,1.0,1.0,0.0,0,1,1
682,-0.20770884610120124,-0.20770884610120124,1.0,0.0,0.0,1.0,0.0,0.0,0.0,1.0,1,0,1
683,-0.7463893012835698,-0.7463893012835698,0.0,0.0,1.0,0.0,0.0,1.0,0.0,1.0,0,1,1
684,-1.2081154057256,-1.2081154057256,0.0,0.0,1.0,0.0,0.0,1.0,0.0,1.0,0,1,0
685,2.3317847283299646,2.3317847283299646,0.0,0.0,1.0,0.0,1.0,0.0,0.0,1.0,0,1,0
686,-0.361617547581878,-0.361617547581878,1.0,0.0,0.0,0.0,1.0,0.0,0.0,1.0,0,1,0
687,-1.2081154057256,-1.2081154057256,0.0,0.0,1.0,0.0,0.0,1.0,0.0,1.0,0,1,0
688,-0.8233436520239081,-0.8233436520239081,0.0,0.0,1.0,0.0,0.0,1.0,0.0,1.0,0,1,1
689,-0.9002980027642465,-0.9002980027642465,0.0,0.0,1.0,0.0,0.0,1.0,0.0,1.0,0,1,1
690,-1.1311610549852615,-1.1311610549852615,0.0,0.0,1.0,1.0,0.0,0.0,1.0,0.0,1,0,0
691,0.1001085568601522,0.1001085568601522,0.0,0.0,1.0,1.0,0.0,0.0,0.0,1.0,1,0,0
692,-1.9776589131289837,-1.9776589131289837,1.0,0.0,0.0,0.0,0.0,1.0,1.0,0.0,1,1,0
693,0.0,0.0,0.0,0.0,1.0,0.0,0.0,1.0,0.0,1.0,1,1,1
694,-0.361617547581878,-0.361617547581878,1.0,0.0,0.0,0.0,0.0,1.0,0.0,1.0,0,1,1
695,2.3317847283299646,2.3317847283299646,0.0,0.0,1.0,1.0,0.0,0.0,0.0,1.0,0,1,1
696,1.7161499224072578,1.7161499224072578,0.0,0.0,1.0,0.0,1.0,0.0,0.0,1.0,0,1,1
697,1.100515116484551,1.100515116484551,0.0,0.0,1.0,0.0,0.0,1.0,0.0,1.0,0,1,1
698,0.0,0.0,0.0,1.0,0.0,0.0,0.0,1.0,1.0,0.0,1,1,1
699,1.4852868701862427,1.4852868701862427,1.0,0.0,0.0,1.0,0.0,0.0,0.0,1.0,0,0,0
700,0.9466064150038742,0.9466064150038742,0.0,0.0,1.0,0.0,0.0,1.0,0.0,1.0,0,0,1
701,-0.9002980027642465,-0.9002980027642465,1.0,0.0,0.0,1.0,0.0,0.0,1.0,0.0,1,0,0
702,0.40792595982150565,0.40792595982150565,0.0,0.0,1.0,1.0,0.0,0.0,0.0,1.0,1,0,1
703,-0.9002980027642465,-0.9002980027642465,1.0,0.0,0.0,0.0,0.0,1.0,1.0,0.0,0,1,0
704,-0.361617547581878,-0.361617547581878,0.0,1.0,0.0,0.0,0.0,1.0,0.0,1.0,0,1,1
705,-0.2846631968415396,-0.2846631968415396,0.0,0.0,1.0,0.0,0.0,1.0,0.0,1.0,0,1,0
706,0.7157433627828591,0.7157433627828591,0.0,0.0,1.0,0.0,1.0,0.0,0.0,1.0,0,1,1
707,1.1774694672248893,1.1774694672248893,0.0,0.0,1.0,0.0,1.0,0.0,1.0,0.0,1,1,1
708,0.9466064150038742,0.9466064150038742,0.0,0.0,1.0,1.0,0.0,0.0,0.0,1.0,1,0,1
709,-0.5924805998028931,-0.5924805998028931,0.0,0.0,1.0,1.0,0.0,0.0,1.0,0.0,1,1,1
710,0.0,0.0,1.0,0.0,0.0,0.0,0.0,1.0,0.0,1.0,1,1,0
711,-0.4385718983222164,-0.4385718983222164,1.0,0.0,0.0,1.0,0.0,0.0,1.0,0.0,1,0,1
712,0.0,0.0,0.0,0.0,1.0,1.0,0.0,0.0,0.0,1.0,0,0,1
713,1.4083325194459044,1.4083325194459044,0.0,0.0,1.0,1.0,0.0,0.0,0.0,1.0,1,0,0
714,-0.05380014462052453,-0.05380014462052453,0.0,0.0,1.0,0.0,0.0,1.0,0.0,1.0,0,1,1
715,1.7161499224072578,1.7161499224072578,0.0,0.0,1.0,0.0,1.0,0.0,0.0,1.0,0,1,1
716,-0.8233436520239081,-0.8233436520239081,0.0,0.0,1.0,0.0,0.0,1.0,0.0,1.0,0,0,1
717,0.6387890120425208,0.6387890120425208,1.0,0.0,0.0,1.0,0.0,0.0,1.0,0.0,1,0,1
718,-0.20770884610120124,-0.20770884610120124,0.0,0.0,1.0,0.0,1.0,0.0,1.0,0.0,1,0,1
719,0.0,0.0,0.0,1.0,0.0,0.0,0.0,1.0,0.0,1.0,0,1,1
720,0.25401725834082894,0.25401725834082894,0.0,0.0,1.0,0.0,0.0,1.0,0.0,1.0,0,1,1
721,-1.8237502116483069,-1.8237502116483069,0.0,0.0,1.0,0.0,1.0,0.0,1.0,0.0,1,1,0
722,-0.977252353504585,-0.977252353504585,0.0,0.0,1.0,0.0,0.0,1.0,0.0,1.0,0,1,0
723,0.3309716090811673,0.3309716090811673,0.0,0.0,1.0,0.0,1.0,0.0,0.0,1.0,0,1,1
724,1.5622412209265812,1.5622412209265812,0.0,0.0,1.0,0.0,1.0,0.0,0.0,1.0,0,1,1
725,-0.20770884610120124,-0.20770884610120124,0.0,0.0,1.0,1.0,0.0,0.0,0.0,1.0,1,0,0
726,-0.7463893012835698,-0.7463893012835698,0.0,0.0,1.0,0.0,0.0,1.0,0.0,1.0,0,1,1
727,0.02315420611981384,0.02315420611981384,0.0,0.0,1.0,0.0,1.0,0.0,1.0,0.0,1,1,0
728,0.0,0.0,0.0,1.0,0.0,0.0,0.0,1.0,1.0,0.0,1,1,1
729,-0.361617547581878,-0.361617547581878,0.0,0.0,1.0,0.0,1.0,0.0,0.0,1.0,0,1,0
730,-0.361617547581878,-0.361617547581878,0.0,0.0,1.0,0.0,0.0,1.0,1.0,0.0,0,1,0
731,-0.05380014462052453,-0.05380014462052453,0.0,0.0,1.0,1.0,0.0,0.0,1.0,0.0,1,0,1
732,-1.4389784579466152,-1.4389784579466152,1.0,0.0,0.0,0.0,0.0,1.0,0.0,1.0,0,1,1
733,0.0,0.0,0.0,0.0,1.0,0.0,1.0,0.0,0.0,1.0,0,1,1
734,-0.5155262490625547,-0.5155262490625547,0.0,0.0,1.0,0.0,1.0,0.0,0.0,1.0,0,1,1
735,-0.5155262490625547,-0.5155262490625547,0.0,0.0,1.0,0.0,1.0,0.0,0.0,1.0,0,1,1
736,-0.0922773199906937,-0.0922773199906937,0.0,0.0,1.0,0.0,0.0,1.0,0.0,1.0,0,1,1
737,1.4083325194459044,1.4083325194459044,0.0,0.0,1.0,0.0,0.0,1.0,1.0,0.0,0,1,0
738,0.40792595982150565,0.40792595982150565,1.0,0.0,0.0,1.0,0.0,0.0,0.0,1.0,1,0,1
739,0.0,0.0,0.0,0.0,1.0,0.0,0.0,1.0,0.0,1.0,0,1,1
740,0.0,0.0,0.0,0.0,1.0,0.0,0.0,1.0,0.0,1.0,0,1,1
741,0.0,0.0,0.0,0.0,1.0,1.0,0.0,0.0,0.0,1.0,1,0,1
742,0.48488031056184405,0.48488031056184405,0.0,0.0,1.0,1.0,0.0,0.0,0.0,1.0,0,0,0
743,-0.6694349505432314,-0.6694349505432314,1.0,0.0,0.0,1.0,0.0,0.0,1.0,0.0,1,0,0
744,-0.4385718983222164,-0.4385718983222164,0.0,0.0,1.0,0.0,0.0,1.0,0.0,1.0,0,1,0
745,0.1001085568601522,0.1001085568601522,0.0,0.0,1.0,0.0,0.0,1.0,0.0,1.0,1,1,1
746,3.1013282357333485,3.1013282357333485,0.0,0.0,1.0,1.0,0.0,0.0,0.0,1.0,0,0,0
747,-1.0542067042449232,-1.0542067042449232,0.0,0.0,1.0,0.0,0.0,1.0,0.0,1.0,0,1,0
748,0.02315420611981384,0.02315420611981384,0.0,0.0,1.0,0.0,1.0,0.0,1.0,0.0,1,1,1
749,-0.8233436520239081,-0.8233436520239081,0.0,0.0,1.0,1.0,0.0,0.0,0.0,1.0,0,0,0
750,0.1001085568601522,0.1001085568601522,0.0,1.0,0.0,0.0,0.0,1.0,0.0,1.0,0,1,1
751,-1.9776589131289837,-1.9776589131289837,0.0,0.0,1.0,0.0,1.0,0.0,1.0,0.0,1,1,0
752,-1.8237502116483069,-1.8237502116483069,0.0,0.0,1.0,0.0,0.0,1.0,0.0,1.0,1,0,0
753,0.25401725834082894,0.25401725834082894,0.0,0.0,1.0,0.0,0.0,1.0,0.0,1.0,0,1,1
754,-0.5155262490625547,-0.5155262490625547,0.0,0.0,1.0,0.0,0.0,1.0,0.0,1.0,0,1,1
755,1.4083325194459044,1.4083325194459044,0.0,0.0,1.0,0.0,1.0,0.0,1.0,0.0,1,1,0
756,-2.23391690109431,-2.23391690109431,0.0,0.0,1.0,0.0,1.0,0.0,0.0,1.0,1,1,0
757,-0.1307544953608629,-0.1307544953608629,0.0,0.0,1.0,0.0,0.0,1.0,0.0,1.0,0,1,1
758,-0.9002980027642465,-0.9002980027642465,0.0,0.0,1.0,0.0,1.0,0.0,0.0,1.0,0,1,1
759,0.3309716090811673,0.3309716090811673,0.0,0.0,1.0,0.0,0.0,1.0,0.0,1.0,0,1,1
760,0.25401725834082894,0.25401725834082894,0.0,0.0,1.0,1.0,0.0,0.0,1.0,0.0,1,0,1
761,0.0,0.0,0.0,0.0,1.0,0.0,0.0,1.0,0.0,1.0,0,1,1
762,0.8696520642635358,0.8696520642635358,0.0,0.0,1.0,0.0,0.0,1.0,0.0,1.0,0,1,1
763,-0.7463893012835698,-0.7463893012835698,1.0,0.0,0.0,0.0,0.0,1.0,0.0,1.0,1,1,1
764,0.48488031056184405,0.48488031056184405,0.0,0.0,1.0,1.0,0.0,0.0,1.0,0.0,1,0,0
765,-1.0542067042449232,-1.0542067042449232,0.0,0.0,1.0,0.0,0.0,1.0,0.0,1.0,0,1,1
766,1.6391955716669195,1.6391955716669195,0.0,0.0,1.0,1.0,0.0,0.0,1.0,0.0,1,0,0
767,0.0,0.0,1.0,0.0,0.0,1.0,0.0,0.0,0.0,1.0,0,1,1
768,0.061631381489983025,0.061631381489983025,0.0,1.0,0.0,0.0,0.0,1.0,1.0,0.0,0,1,1
769,0.0,0.0,0.0,1.0,0.0,0.0,0.0,1.0,0.0,1.0,0,1,0
770,0.17706290760049057,0.17706290760049057,0.0,0.0,1.0,0.0,0.0,1.0,0.0,1.0,0,1,1
771,-0.4385718983222164,-0.4385718983222164,0.0,0.0,1.0,0.0,0.0,1.0,0.0,1.0,0,1,1
772,1.4083325194459044,1.4083325194459044,0.0,0.0,1.0,0.0,0.0,1.0,0.0,1.0,0,1,1
773,2.1009216761089498,2.1009216761089498,0.0,0.0,1.0,0.0,1.0,0.0,1.0,0.0,0,0,1
774,0.0,0.0,1.0,0.0,0.0,0.0,0.0,1.0,0.0,1.0,0,1,1
775,1.8700586238879346,1.8700586238879346,0.0,0.0,1.0,0.0,1.0,0.0,1.0,0.0,1,1,0
776,-0.9002980027642465,-0.9002980027642465,0.0,0.0,1.0,0.0,0.0,1.0,0.0,1.0,0,1,1
777,0.0,0.0,0.0,1.0,0.0,0.0,0.0,1.0,0.0,1.0,0,0,1
778,-1.9007045623886454,-1.9007045623886454,0.0,0.0,1.0,0.0,0.0,1.0,1.0,0.0,1,1,1
779,0.0,0.0,0.0,1.0,0.0,0.0,0.0,1.0,0.0,1.0,0,1,1
780,1.0235607657442125,1.0235607657442125,0.0,0.0,1.0,1.0,0.0,0.0,1.0,0.0,1,0,0
781,-1.2850697564659384,-1.2850697564659384,1.0,0.0,0.0,0.0,0.0,1.0,1.0,0.0,1,1,1
782,-0.977252353504585,-0.977252353504585,0.0,0.0,1.0,1.0,0.0,0.0,1.0,0.0,1,0,0
783,-0.05380014462052453,-0.05380014462052453,0.0,0.0,1.0,1.0,0.0,0.0,0.0,1.0,0,0,1
784,0.0,0.0,0.0,0.0,1.0,0.0,0.0,1.0,0.0,1.0,0,1,0
785,-0.361617547581878,-0.361617547581878,0.0,0.0,1.0,0.0,0.0,1.0,0.0,1.0,0,1,1
786,-0.361617547581878,-0.361617547581878,0.0,0.0,1.0,0.0,0.0,1.0,0.0,1.0,0,1,1
787,-0.9002980027642465,-0.9002980027642465,0.0,0.0,1.0,0.0,0.0,1.0,1.0,0.0,1,1,1
788,-1.6698415101676303,-1.6698415101676303,0.0,1.0,0.0,0.0,0.0,1.0,0.0,1.0,0,1,0
789,-2.208521965349999,-2.208521965349999,0.0,0.0,1.0,0.0,0.0,1.0,0.0,1.0,1,1,0
790,1.2544238179652276,1.2544238179652276,1.0,0.0,0.0,1.0,0.0,0.0,0.0,1.0,0,0,1
791,0.0,0.0,0.0,1.0,0.0,0.0,0.0,1.0,0.0,1.0,0,1,1
792,-1.0542067042449232,-1.0542067042449232,0.0,0.0,1.0,0.0,1.0,0.0,0.0,1.0,0,1,1
793,0.0,0.0,0.0,0.0,1.0,0.0,0.0,1.0,1.0,0.0,0,1,0
794,0.0,0.0,1.0,0.0,0.0,1.0,0.0,0.0,0.0,1.0,0,1,1
795,-0.361617547581878,-0.361617547581878,0.0,0.0,1.0,0.0,0.0,1.0,0.0,1.0,0,1,1
796,0.7157433627828591,0.7157433627828591,0.0,0.0,1.0,0.0,1.0,0.0,0.0,1.0,0,1,1
797,1.4852868701862427,1.4852868701862427,0.0,0.0,1.0,1.0,0.0,0.0,1.0,0.0,1,0,1
798,0.1001085568601522,0.1001085568601522,0.0,0.0,1.0,0.0,0.0,1.0,1.0,0.0,1,1,1
799,0.02315420611981384,0.02315420611981384,1.0,0.0,0.0,0.0,0.0,1.0,0.0,1.0,0,1,1
800,0.02315420611981384,0.02315420611981384,0.0,0.0,1.0,0.0,0.0,1.0,1.0,0.0,0,1,0
801,0.3309716090811673,0.3309716090811673,0.0,0.0,1.0,0.0,1.0,0.0,0.0,1.0,0,1,1
802,0.1001085568601522,0.1001085568601522,0.0,0.0,1.0,0.0,1.0,0.0,1.0,0.0,1,1,0
803,-1.4389784579466152,-1.4389784579466152,0.0,0.0,1.0,1.0,0.0,0.0,0.0,1.0,1,0,0
804,-2.2531554887793948,-2.2531554887793948,1.0,0.0,0.0,0.0,0.0,1.0,0.0,1.0,1,1,0
805,-0.20770884610120124,-0.20770884610120124,0.0,0.0,1.0,0.0,0.0,1.0,0.0,1.0,1,1,1
806,0.1001085568601522,0.1001085568601522,0.0,0.0,1.0,0.0,0.0,1.0,0.0,1.0,0,1,1
807,0.7157433627828591,0.7157433627828591,0.0,0.0,1.0,1.0,0.0,0.0,0.0,1.0,0,0,1
808,-0.9002980027642465,-0.9002980027642465,0.0,0.0,1.0,0.0,0.0,1.0,1.0,0.0,0,1,1
809,0.7157433627828591,0.7157433627828591,0.0,0.0,1.0,0.0,1.0,0.0,0.0,1.0,0,1,1
810,0.25401725834082894,0.25401725834082894,0.0,0.0,1.0,1.0,0.0,0.0,1.0,0.0,1,0,0
811,-0.2846631968415396,-0.2846631968415396,0.0,0.0,1.0,0.0,0.0,1.0,0.0,1.0,0,1,1
812,0.7157433627828591,0.7157433627828591,0.0,0.0,1.0,0.0,0.0,1.0,0.0,1.0,0,1,1
813,0.40792595982150565,0.40792595982150565,0.0,0.0,1.0,0.0,1.0,0.0,0.0,1.0,0,1,1
814,-1.8237502116483069,-1.8237502116483069,0.0,0.0,1.0,0.0,0.0,1.0,1.0,0.0,0,1,0
815,0.061631381489983025,0.061631381489983025,0.0,0.0,1.0,0.0,0.0,1.0,0.0,1.0,0,1,1
816,0.0,0.0,0.0,0.0,1.0,1.0,0.0,0.0,0.0,1.0,0,0,1
817,-0.5155262490625547,-0.5155262490625547,0.0,0.0,1.0,0.0,0.0,1.0,1.0,0.0,0,1,1
818,0.1001085568601522,0.1001085568601522,1.0,0.0,0.0,0.0,1.0,0.0,0.0,1.0,0,1,0
819,1.0235607657442125,1.0235607657442125,0.0,0.0,1.0,0.0,0.0,1.0,0.0,1.0,0,1,1
820,-1.5159328086869535,-1.5159328086869535,0.0,0.0,1.0,0.0,0.0,1.0,0.0,1.0,0,1,0
821,1.7161499224072578,1.7161499224072578,0.0,0.0,1.0,1.0,0.0,0.0,1.0,0.0,1,0,0
822,-0.20770884610120124,-0.20770884610120124,0.0,0.0,1.0,0.0,0.0,1.0,0.0,1.0,1,1,1
823,0.6387890120425208,0.6387890120425208,0.0,0.0,1.0,1.0,0.0,0.0,0.0,1.0,0,1,1
824,-0.20770884610120124,-0.20770884610120124,0.0,0.0,1.0,0.0,0.0,1.0,1.0,0.0,1,0,0
825,-2.1315676146096605,-2.1315676146096605,0.0,0.0,1.0,0.0,0.0,1.0,0.0,1.0,0,1,0
826,0.0,0.0,0.0,1.0,0.0,0.0,0.0,1.0,0.0,1.0,0,1,1
827,0.0,0.0,0.0,0.0,1.0,0.0,0.0,1.0,0.0,1.0,0,1,1
828,-2.208521965349999,-2.208521965349999,1.0,0.0,0.0,0.0,1.0,0.0,0.0,1.0,1,1,0
829,0.0,0.0,0.0,1.0,0.0,0.0,0.0,1.0,0.0,1.0,1,1,1
830,2.4856934298106417,2.4856934298106417,0.0,0.0,1.0,1.0,0.0,0.0,1.0,0.0,1,0,1
831,-1.1311610549852615,-1.1311610549852615,1.0,0.0,0.0,0.0,0.0,1.0,1.0,0.0,1,1,0
832,-2.2216042049758564,-2.2216042049758564,0.0,0.0,1.0,0.0,1.0,0.0,0.0,1.0,1,1,0
833,0.0,0.0,1.0,0.0,0.0,0.0,0.0,1.0,0.0,1.0,0,1,1
834,-0.5155262490625547,-0.5155262490625547,0.0,0.0,1.0,0.0,0.0,1.0,0.0,1.0,0,1,1
835,-0.9002980027642465,-0.9002980027642465,0.0,0.0,1.0,0.0,0.0,1.0,0.0,1.0,0,1,1
836,0.7157433627828591,0.7157433627828591,1.0,0.0,0.0,1.0,0.0,0.0,1.0,0.0,1,0,0
837,-0.6694349505432314,-0.6694349505432314,0.0,0.0,1.0,0.0,0.0,1.0,0.0,1.0,0,1,1
838,0.0,0.0,0.0,0.0,1.0,0.0,0.0,1.0,0.0,1.0,0,1,1
839,0.17706290760049057,0.17706290760049057,0.0,0.0,1.0,0.0,0.0,1.0,0.0,1.0,1,1,1
840,0.0,0.0,1.0,0.0,0.0,1.0,0.0,0.0,0.0,1.0,1,0,1
841,-0.7463893012835698,-0.7463893012835698,0.0,0.0,1.0,0.0,0.0,1.0,0.0,1.0,0,1,1
842,-1.0542067042449232,-1.0542067042449232,0.0,0.0,1.0,0.0,1.0,0.0,0.0,1.0,0,1,1
843,0.02315420611981384,0.02315420611981384,1.0,0.0,0.0,1.0,0.0,0.0,1.0,0.0,1,1,1
844,0.3694487844513365,0.3694487844513365,1.0,0.0,0.0,0.0,0.0,1.0,0.0,1.0,0,1,1
845,-0.977252353504585,-0.977252353504585,0.0,0.0,1.0,0.0,0.0,1.0,0.0,1.0,0,1,1
846,0.9466064150038742,0.9466064150038742,0.0,0.0,1.0,0.0,0.0,1.0,0.0,1.0,0,1,1
847,0.0,0.0,0.0,0.0,1.0,0.0,0.0,1.0,0.0,1.0,0,1,0
848,0.40792595982150565,0.40792595982150565,1.0,0.0,0.0,0.0,0.0,1.0,0.0,1.0,0,1,1
849,-0.1307544953608629,-0.1307544953608629,0.0,0.0,1.0,0.0,1.0,0.0,0.0,1.0,0,1,0
850,0.0,0.0,1.0,0.0,0.0,1.0,0.0,0.0,1.0,0.0,1,0,0
851,-1.9776589131289837,-1.9776589131289837,0.0,0.0,1.0,0.0,0.0,1.0,0.0,1.0,0,1,0
852,3.409145638694702,3.409145638694702,0.0,0.0,1.0,0.0,0.0,1.0,0.0,1.0,0,1,1
853,-1.5928871594272918,-1.5928871594272918,1.0,0.0,0.0,0.0,0.0,1.0,1.0,0.0,0,1,0
854,-1.0542067042449232,-1.0542067042449232,0.0,0.0,1.0,1.0,0.0,0.0,1.0,0.0,1,0,0
855,1.100515116484551,1.100515116484551,0.0,0.0,1.0,0.0,1.0,0.0,1.0,0.0,0,1,0
856,-0.9002980027642465,-0.9002980027642465,0.0,0.0,1.0,0.0,0.0,1.0,1.0,0.0,1,1,0
857,1.1774694672248893,1.1774694672248893,0.0,0.0,1.0,1.0,0.0,0.0,1.0,0.0,1,1,0
858,1.6391955716669195,1.6391955716669195,0.0,0.0,1.0,1.0,0.0,0.0,0.0,1.0,1,0,1
859,-0.4385718983222164,-0.4385718983222164,1.0,0.0,0.0,0.0,0.0,1.0,1.0,0.0,1,1,0
860,0.0,0.0,1.0,0.0,0.0,0.0,0.0,1.0,0.0,1.0,0,1,1
861,0.8696520642635358,0.8696520642635358,0.0,0.0,1.0,0.0,0.0,1.0,0.0,1.0,0,1,0
862,-0.6694349505432314,-0.6694349505432314,0.0,0.0,1.0,0.0,1.0,0.0,0.0,1.0,0,1,0
863,1.4083325194459044,1.4083325194459044,0.0,0.0,1.0,1.0,0.0,0.0,1.0,0.0,1,0,1
864,0.0,0.0,0.0,0.0,1.0,0.0,0.0,1.0,1.0,0.0,0,1,0
865,-0.4385718983222164,-0.4385718983222164,0.0,0.0,1.0,0.0,1.0,0.0,0.0,1.0,0,1,1
866,0.9466064150038742,0.9466064150038742,0.0,0.0,1.0,0.0,1.0,0.0,1.0,0.0,1,1,1
867,-0.20770884610120124,-0.20770884610120124,1.0,0.0,0.0,0.0,1.0,0.0,1.0,0.0,1,1,0
868,0.1001085568601522,0.1001085568601522,0.0,0.0,1.0,1.0,0.0,0.0,0.0,1.0,0,0,1
869,0.0,0.0,0.0,0.0,1.0,0.0,0.0,1.0,0.0,1.0,0,1,1
870,-1.9776589131289837,-1.9776589131289837,0.0,0.0,1.0,0.0,0.0,1.0,0.0,1.0,1,1,0
871,-0.2846631968415396,-0.2846631968415396,0.0,0.0,1.0,0.0,0.0,1.0,0.0,1.0,0,1,1
872,1.3313781687055661,1.3313781687055661,0.0,0.0,1.0,1.0,0.0,0.0,1.0,0.0,1,0,0
873,0.25401725834082894,0.25401725834082894,0.0,0.0,1.0,1.0,0.0,0.0,0.0,1.0,0,0,1
874,1.3313781687055661,1.3313781687055661,0.0,0.0,1.0,0.0,0.0,1.0,0.0,1.0,0,1,1
875,-0.1307544953608629,-0.1307544953608629,1.0,0.0,0.0,0.0,1.0,0.0,1.0,0.0,1,1,0
876,-1.1311610549852615,-1.1311610549852615,1.0,0.0,0.0,0.0,0.0,1.0,1.0,0.0,1,1,1
877,-0.7463893012835698,-0.7463893012835698,0.0,0.0,1.0,0.0,0.0,1.0,0.0,1.0,0,1,1
878,-0.8233436520239081,-0.8233436520239081,0.0,0.0,1.0,0.0,0.0,1.0,0.0,1.0,0,1,1
879,0.0,0.0,0.0,0.0,1.0,0.0,0.0,1.0,0.0,1.0,0,1,1
880,2.0239673253686115,2.0239673253686115,1.0,0.0,0.0,1.0,0.0,0.0,1.0,0.0,1,0,0
881,-0.361617547581878,-0.361617547581878,0.0,0.0,1.0,0.0,1.0,0.0,1.0,0.0,1,1,0
882,0.25401725834082894,0.25401725834082894,0.0,0.0,1.0,0.0,0.0,1.0,0.0,1.0,0,1,1
883,-0.5924805998028931,-0.5924805998028931,0.0,0.0,1.0,0.0,0.0,1.0,1.0,0.0,0,1,1
884,-0.1307544953608629,-0.1307544953608629,0.0,0.0,1.0,0.0,1.0,0.0,0.0,1.0,0,1,1
885,-0.361617547581878,-0.361617547581878,0.0,0.0,1.0,0.0,0.0,1.0,0.0,1.0,0,1,1
886,0.7157433627828591,0.7157433627828591,0.0,1.0,0.0,0.0,0.0,1.0,1.0,0.0,0,1,0
887,-0.20770884610120124,-0.20770884610120124,0.0,0.0,1.0,0.0,1.0,0.0,0.0,1.0,0,1,1
888,-0.8233436520239081,-0.8233436520239081,0.0,0.0,1.0,1.0,0.0,0.0,1.0,0.0,1,0,1
889,0.0,0.0,0.0,0.0,1.0,0.0,0.0,1.0,1.0,0.0,0,1,0
890,-0.2846631968415396,-0.2846631968415396,1.0,0.0,0.0,1.0,0.0,0.0,0.0,1.0,1,0,1
891,0.17706290760049057,0.17706290760049057,0.0,1.0,0.0,0.0,0.0,1.0,0.0,1.0,0,1,1
